library_id,citation,type,title_id,version_id,jurisdiction,topic,source,url,when_scraped,last_successful_scrape,status,error,source_status,content_format,government_register_url,content_url
100000000,A New Tax System (Australian Business Number) Act 1999,primary_legislation,C2004A00467,austlii:sha256:1dddb04fc3880eab718e83371df8af1103069c6c84ec839c2f276d55bb572143,commonwealth,other,classic_austlii,https://classic.austlii.edu.au/au/legis/cth/consol_act/antsbna1999470/,,,,,InForce,text,https://www.legislation.gov.au/C2004A00467/latest/text,https://classic.austlii.edu.au/cgi-bin/download.cgi/cgi-bin/download.cgi/download/au/legis/cth/consol_act/antsbna1999470.txt
100000001,A New Tax System (Family Assistance and Related Measures) Act 2000,primary_legislation,C2004A00637,austlii:sha256:ff338c0c9e1c0b45dd6f810f24e02be983f21c85d43d7750fcced5a719984d4c,commonwealth,other,classic_austlii,https://classic.austlii.edu.au/au/legis/cth/consol_act/antsaarma2000524/,,,,,InForce,text,https://www.legislation.gov.au/C2004A00637/latest/text,https://classic.austlii.edu.au/cgi-bin/download.cgi/cgi-bin/download.cgi/download/au/legis/cth/consol_act/antsaarma2000524.txt
100000002,A New Tax System (Family Assistance) (Administration) Act 1999,primary_legislation,C2004A00491,austlii:sha256:d169c132d9646848ecd1c541329df1c5e9339cf07254d114fa52a46861323d58,commonwealth,other,classic_austlii,https://classic.austlii.edu.au/au/legis/cth/consol_act/antsaa1999509/,,,,,InForce,text,https://www.legislation.gov.au/C2004A00491/latest/text,https://classic.austlii.edu.au/cgi-bin/download.cgi/cgi-bin/download.cgi/download/au/legis/cth/consol_act/antsaa1999509.txt
100000003,A New Tax System (Family Assistance) Act 1999,primary_legislation,C2004A00490,austlii:sha256:01fd7837f184b49542282512961dde5be8721a15f9fb30d5d725bdf05d58e368,commonwealth,other,classic_austlii,https://classic.austlii.edu.au/au/legis/cth/consol_act/antsaa1999357/,,,,,InForce,text,https://www.legislation.gov.au/C2004A00490/latest/text,https://classic.austlii.edu.au/cgi-bin/download.cgi/cgi-bin/download.cgi/download/au/legis/cth/consol_act/antsaa1999357.txt
100000004,A New Tax System (Goods and Services Tax) Act 1999,primary_legislation,C2004A00446,austlii:sha256:a4eba9fc956887ff4d29e157b49441408d8ec50996ef4ae40565175cd7a4e1ad,commonwealth,other,classic_austlii,https://classic.austlii.edu.au/au/legis/cth/consol_act/antsasta1999402/,,,,,InForce,text,https://www.legislation.gov.au/C2004A00446/latest/text,https://classic.austlii.edu.au/cgi-bin/download.cgi/cgi-bin/download.cgi/download/au/legis/cth/consol_act/antsasta1999402.txt
100000005,A New Tax System (Goods and Services Tax) Regulations 2019,secondary_legislation,F2025C01015,austlii:sha256:698bc305aac7f5db99b039935daa1ae66c41d7b121f487cb94e9b61011a88385,commonwealth,other,classic_austlii,https://classic.austlii.edu.au/au/legis/cth/num_reg/antsastr2019201900417527/,,,,,InForce,text,https://www.legislation.gov.au/F2019L00417/latest/text,https://classic.austlii.edu.au/cgi-bin/download.cgi/cgi-bin/download.cgi/download/au/legis/cth/num_reg/antsastr2019201900417527.txt
100000006,A New Tax System (Luxury Car Tax) Act 1999,primary_legislation,C2004A00463,austlii:sha256:c0e8b7f1dd06f74c9872af2e71c451609110f88b46c8e27cfdc2213c243d6c4e,commonwealth,other,classic_austlii,https://classic.austlii.edu.au/au/legis/cth/consol_act/antscta1999373/,,,,,InForce,text,https://www.legislation.gov.au/C2004A00463/latest/text,https://classic.austlii.edu.au/cgi-bin/download.cgi/cgi-bin/download.cgi/download/au/legis/cth/consol_act/antscta1999373.txt
100000007,A New Tax System (Managing the GST Rate and Base) Act 1999,primary_legislation,C2004A00502,austlii:sha256:5a236d0ef30ed366a31d08e73132dcbbef4babb5b0fa41cacbadb8e2bae5b3ba,commonwealth,other,classic_austlii,https://classic.austlii.edu.au/au/legis/cth/consol_act/antstgraba1999407/,,,,,InForce,text,https://www.legislation.gov.au/C2004A00502/latest/text,https://classic.austlii.edu.au/cgi-bin/download.cgi/cgi-bin/download.cgi/download/au/legis/cth/consol_act/antstgraba1999407.txt
100000008,A New Tax System (Medicare Levy Surcharge--Fringe Benefits) Act 1999,primary_legislation,C2004A00412,austlii:sha256:7db39b5918e6cae7ddfca9c08f141b426557c3f8cbd5c185c8e1294bfcd96fb2,commonwealth,other,classic_austlii,https://classic.austlii.edu.au/au/legis/cth/consol_act/antslsba1999523/,,,,,InForce,text,https://www.legislation.gov.au/C2004A00412/latest/text,https://classic.austlii.edu.au/cgi-bin/download.cgi/cgi-bin/download.cgi/download/au/legis/cth/consol_act/antslsba1999523.txt
100000009,A New Tax System (Wine Equalisation Tax) Act 1999,primary_legislation,C2004A00452,austlii:sha256:213b29d8bae31ea40cc10a16a42ef9bf0fe6ffea862980bc4830c13842606b18,commonwealth,other,classic_austlii,https://classic.austlii.edu.au/au/legis/cth/consol_act/antseta1999417/,,,,,InForce,text,https://www.legislation.gov.au/C2004A00452/latest/text,https://classic.austlii.edu.au/cgi-bin/download.cgi/cgi-bin/download.cgi/download/au/legis/cth/consol_act/antseta1999417.txt
100000010,Acts Interpretation Act 1901,primary_legislation,C1901A00002,austlii:sha256:6e472647427bc076940b240ca8c417e2419c87f0fadab711f854b55e80948be5,commonwealth,other,classic_austlii,https://classic.austlii.edu.au/au/legis/cth/consol_act/aia1901230/,,,,,InForce,text,https://www.legislation.gov.au/C1901A00002/latest/text,https://classic.austlii.edu.au/cgi-bin/download.cgi/cgi-bin/download.cgi/download/au/legis/cth/consol_act/aia1901230.txt
100000011,Acts Interpretation Act 1931,primary_legislation,fmt:v4|2022-10-26,austlii:sha256:4eecd88b477ade4ab072df6efa62ad43c463db177b246c7592dfe0be6ea27d28,tasmania,Other,classic_austlii,https://classic.austlii.edu.au/au/legis/tas/consol_act/aia1931230/,,,,,InForce,text,https://www.legislation.tas.gov.au/view/html/inforce/current/act-1931-059,https://classic.austlii.edu.au/cgi-bin/download.cgi/cgi-bin/download.cgi/download/au/legis/tas/consol_act/aia1931230.txt
100000012,Acts Interpretation Act 1954,primary_legislation,sha256:6b48cbe7a240957877fbe578ce74072ae4d09e47d57c18f507207662969a3123,austlii:sha256:b21bb286477dcc93866c2d8ed32e18813629be4726e386194f96f66f13902b84,queensland,Other,classic_austlii,https://classic.austlii.edu.au/au/legis/qld/consol_act/aia1954230/,,,,,InForce,text,https://www.legislation.qld.gov.au/view/html/inforce/current/act-1954-003,https://classic.austlii.edu.au/cgi-bin/download.cgi/cgi-bin/download.cgi/download/au/legis/qld/consol_act/aia1954230.txt
100000013,Administrative Decisions (Judicial Review) Act 1977,primary_legislation,C2025C00403,austlii:sha256:30f6f99ca49ae2f6ea615e9bf509d46063c819da9f90e0825dfbc612b720a54b,commonwealth,other,classic_austlii,https://classic.austlii.edu.au/au/legis/cth/consol_act/adra1977396/,,,,,InForce,text,https://www.legislation.gov.au/C2004A01697/latest/text,https://classic.austlii.edu.au/cgi-bin/download.cgi/cgi-bin/download.cgi/download/au/legis/cth/consol_act/adra1977396.txt
100000014,Administrative Review Tribunal Act 2024,primary_legislation,C2004A03355,austlii:sha256:328e39c5fe9873f2a41f7364a7a4f9aec9ec54afd23898becb6067c55fe02f34,commonwealth,Other,classic_austlii,https://classic.austlii.edu.au/au/legis/cth/consol_act/arta2024336/,,,,,InForce,text,,https://classic.austlii.edu.au/cgi-bin/download.cgi/cgi-bin/download.cgi/download/au/legis/cth/consol_act/arta2024336.txt
100000015,Australian Charities and Not-For-Profits Commission Act 2012,primary_legislation,C2004A03356,austlii:sha256:308a05f8dd50a49a3736fadab0ab30082857513c00eb9be51eeb4eb6fe5f890a,commonwealth,Other,classic_austlii,https://classic.austlii.edu.au/au/legis/cth/consol_act/acanca2012523/,,,,,InForce,text,,https://classic.austlii.edu.au/cgi-bin/download.cgi/cgi-bin/download.cgi/download/au/legis/cth/consol_act/acanca2012523.txt
100000016,Australian Prudential Regulation Authority Act 1998,primary_legislation,C2004A03357,austlii:sha256:b1220dcb2459d2594f6dc859ca6226319f592d9c1169604d11cdcfcb92e9dd4e,commonwealth,Other,classic_austlii,https://classic.austlii.edu.au/au/legis/cth/consol_act/apraa1998477/,,,,,InForce,text,,https://classic.austlii.edu.au/cgi-bin/download.cgi/cgi-bin/download.cgi/download/au/legis/cth/consol_act/apraa1998477.txt
100000017,Australian Securities and Investments Commission Act 2001,primary_legislation,C2004A03358,austlii:sha256:6d4725f96018dc6d8e028a98a236c92fbb4d5b0b76ea6f87078648d9ae706492,commonwealth,Other,classic_austlii,https://classic.austlii.edu.au/au/legis/cth/consol_act/asaica2001529/,,,,,InForce,text,,https://classic.austlii.edu.au/cgi-bin/download.cgi/cgi-bin/download.cgi/download/au/legis/cth/consol_act/asaica2001529.txt
100000018,Banking Act 1959,primary_legislation,C2004A03359,austlii:sha256:14d10163b2452c061069f87805a6c7f0db0a58d9f3449f60ba360cb6d0412245,commonwealth,Other,classic_austlii,https://classic.austlii.edu.au/au/legis/cth/consol_act/ba195972/,,,,,InForce,text,,https://classic.austlii.edu.au/cgi-bin/download.cgi/cgi-bin/download.cgi/download/au/legis/cth/consol_act/ba195972.txt
100000019,Bankruptcy Act 1966,primary_legislation,C2004A03360,austlii:sha256:4b4f9daf4a0ab5d5d8589c325c3fcadcc047c10e2f26cf80d7dc89a978199c1a,commonwealth,Other,classic_austlii,https://classic.austlii.edu.au/au/legis/cth/consol_act/ba1966142/,,,,,InForce,text,,https://classic.austlii.edu.au/cgi-bin/download.cgi/cgi-bin/download.cgi/download/au/legis/cth/consol_act/ba1966142.txt
100000020,Betting Tax Act 2001,primary_legislation,fmt:v2|2022-07-01,austlii:sha256:0d4c5bd9e0000a901a2a96370baca2eabf97490b9dd59f2e76193357ba395ec3,new_south_wales,other,classic_austlii,https://classic.austlii.edu.au/au/legis/nsw/consol_act/bta2001133/,,,,,InForce,text,https://legislation.nsw.gov.au/view/html/inforce/current/act-2001-043,https://classic.austlii.edu.au/cgi-bin/download.cgi/cgi-bin/download.cgi/download/au/legis/nsw/consol_act/bta2001133.txt
100000021,Business Names Registration Act 2011,primary_legislation,C2004A03361,austlii:sha256:0f85758f356bcffdd138dd49e9937eaafb26366e624ee97aeaec3848ade74843,commonwealth,Other,classic_austlii,https://classic.austlii.edu.au/au/legis/cth/consol_act/bnra2011311/,,,,,InForce,text,,https://classic.austlii.edu.au/cgi-bin/download.cgi/cgi-bin/download.cgi/download/au/legis/cth/consol_act/bnra2011311.txt
100000022,Commercial and Industrial Property Tax Reform Act 2024,primary_legislation,4,austlii:sha256:553f8ce9498b20925d107a89542e86696c0c6a72755f5637e5a9fe02afc8a969,victoria,Other,classic_austlii,https://classic.austlii.edu.au/au/legis/vic/consol_act/caiptra2024472/,,,,,InForce,text,https://www.legislation.vic.gov.au/in-force/acts/commercial-and-industrial-property-tax-reform-act-2024/,https://classic.austlii.edu.au/cgi-bin/download.cgi/cgi-bin/download.cgi/download/au/legis/vic/consol_act/caiptra2024472.txt
100000023,Commonwealth of Australia Constitution Act,primary_legislation,C2004Q00685,austlii:sha256:25ab6626281bf34aac437bd06bb6997cb02a3aa61148e32149efc059726cb507,commonwealth,other,classic_austlii,https://classic.austlii.edu.au/au/legis/cth/consol_act/coaca430/,,,,,InForce,text,https://www.legislation.gov.au/C2013Q00005/latest/text,https://classic.austlii.edu.au/cgi-bin/download.cgi/cgi-bin/download.cgi/download/au/legis/cth/consol_act/coaca430.txt
100000024,Commonwealth Places (Mirror Taxes Administration) Act 1998,primary_legislation,fmt:v2|1998-11-02,austlii:sha256:36173b5949d8e098ca49cb7e2392111bffe299d860f601648e9b8889c3d6807c,new_south_wales,other,classic_austlii,https://classic.austlii.edu.au/au/legis/nsw/consol_act/cptaa1998502/,,,,,InForce,text,https://legislation.nsw.gov.au/view/html/inforce/current/act-1998-100,https://classic.austlii.edu.au/cgi-bin/download.cgi/cgi-bin/download.cgi/download/au/legis/nsw/consol_act/cptaa1998502.txt
100000025,Commonwealth Places (Mirror Taxes Administration) Act 1999,primary_legislation,12,austlii:sha256:1243a5f2079d0a77a9022b68c35c6fe77a74be53736171d40c031e494ba67c83,victoria,Other,classic_austlii,https://classic.austlii.edu.au/au/legis/vic/consol_act/cptaa1999502/,,,,,InForce,text,https://www.legislation.vic.gov.au/in-force/acts/commonwealth-places-mirror-taxes-administration-act-1999/,https://classic.austlii.edu.au/cgi-bin/download.cgi/cgi-bin/download.cgi/download/au/legis/vic/consol_act/cptaa1999502.txt
100000026,Commonwealth Places (Mirror Taxes) Act 1998,primary_legislation,C2004A05335,austlii:sha256:a8911b924ec93d7d3a5e630a17729b4c02128658afd42f7a829fa919408c9cc3,commonwealth,other,classic_austlii,https://classic.austlii.edu.au/au/legis/cth/consol_act/cpta1998350/,,,,,InForce,text,https://www.legislation.gov.au/C2004A05335/latest/text,https://classic.austlii.edu.au/cgi-bin/download.cgi/cgi-bin/download.cgi/download/au/legis/cth/consol_act/cpta1998350.txt
100000027,Commonwealth Places (Mirror Taxes) Regulations 2000,secondary_legislation,F2000B00069,austlii:sha256:c865ae0747009aaa1e46e0d7647d89bb6c8d1c8e88bcd4a5885fde749158f402,commonwealth,other,classic_austlii,https://classic.austlii.edu.au/au/legis/cth/consol_reg/cptr2000459/,,,,,InForce,text,https://www.legislation.gov.au/F2000B00069/latest/text,https://classic.austlii.edu.au/cgi-bin/download.cgi/cgi-bin/download.cgi/download/au/legis/cth/consol_reg/cptr2000459.txt
100000028,Commonwealth Places Windfall Tax (Collection) Act 1998,primary_legislation,C2004A05336,austlii:sha256:738441a14cc6535b42fa72fbad73740bb4a813684db2f58bc186f599a9f0411d,commonwealth,other,classic_austlii,https://classic.austlii.edu.au/au/legis/cth/num_act/cpwta1998414/,,,,,InForce,text,https://www.legislation.gov.au/C2004A05336/latest/text,https://classic.austlii.edu.au/cgi-bin/download.cgi/cgi-bin/download.cgi/download/au/legis/cth/num_act/cpwta1998414.txt
100000029,Commonwealth Places Windfall Tax (Imposition) Act 1998,primary_legislation,C2004A05337,austlii:sha256:d28c057d9d78ddf6441b3debe6d0a42d21441e012e6fb928a70069c41160b865,commonwealth,other,classic_austlii,https://classic.austlii.edu.au/au/legis/cth/num_act/cpwta1998445/,,,,,InForce,text,https://www.legislation.gov.au/C2004A05337/latest/text,https://classic.austlii.edu.au/cgi-bin/download.cgi/cgi-bin/download.cgi/download/au/legis/cth/num_act/cpwta1998445.txt
100000030,Corporations Act 2001,primary_legislation,C2004A00818,austlii:sha256:065321e2bb266d3b7e2fb0dcc2705cc8b8742f299ebca579f08506faff873af0,commonwealth,other,classic_austlii,https://classic.austlii.edu.au/au/legis/cth/consol_act/ca2001172/,,,,,InForce,text,https://www.legislation.gov.au/C2004A00818/latest/text,https://classic.austlii.edu.au/cgi-bin/download.cgi/cgi-bin/download.cgi/download/au/legis/cth/consol_act/ca2001172.txt
100000031,Cost of Living Concessions Act 1986,primary_legislation,fmt:v2|2015-06-30,austlii:sha256:a2b743cb07a6e6c5340cd2b37e733e181282136983ba0cfc22ba68d06c31c341,south_australia,Other,classic_austlii,https://classic.austlii.edu.au/au/legis/sa/consol_act/colca1986284/,,,,,InForce,text,https://www.legislation.sa.gov.au/lz?path=%2FC%2FA%2FCost%20of%20Living%20Concessions%20Act%201986,https://classic.austlii.edu.au/cgi-bin/download.cgi/cgi-bin/download.cgi/download/au/legis/sa/consol_act/colca1986284.txt
100000032,Crimes (Taxation Offences) Act 1980,primary_legislation,C2004A02357,austlii:sha256:94844b8bfde2d4d4a48b69b480d90af16f81442da1757ab0ae5aa7229ec829ba,commonwealth,other,classic_austlii,https://classic.austlii.edu.au/au/legis/cth/consol_act/coa1980243/,,,,,InForce,text,https://www.legislation.gov.au/C2004A02357/latest/text,https://classic.austlii.edu.au/cgi-bin/download.cgi/cgi-bin/download.cgi/download/au/legis/cth/consol_act/coa1980243.txt
100000033,Crown Rates and Taxes Recovery Act 1945,primary_legislation,fmt:v2|2016-07-03,austlii:sha256:e74f3a1b3c0b66f7cc8e64dc042409737f5c109e1f24184bd08734c6704025ef,south_australia,Other,classic_austlii,https://classic.austlii.edu.au/au/legis/sa/consol_act/cratra1945330/,,,,,InForce,text,https://www.legislation.sa.gov.au/lz?path=/c/a/crown%20rates%20and%20taxes%20recovery%20act%201945,https://classic.austlii.edu.au/cgi-bin/download.cgi/cgi-bin/download.cgi/download/au/legis/sa/consol_act/cratra1945330.txt
100000034,Customs Act 1901,primary_legislation,C2004A03349,austlii:sha256:b2983c77464804af54e4b3fcf438dc642dd1445b64516235129fc3a9e3b764d6,commonwealth,excise_including_customs,classic_austlii,https://classic.austlii.edu.au/au/legis/cth/consol_act/ca1901124/,,,,,InForce,text,,https://classic.austlii.edu.au/cgi-bin/download.cgi/cgi-bin/download.cgi/download/au/legis/cth/consol_act/ca1901124.txt
100000035,Customs Licensing Charges Act 1997,primary_legislation,C2004A03349,austlii:sha256:ccb5d3d28fb8ee7f5a300e7c7092735cda60e9d0ccb65632a572ec7d9b759af9,commonwealth,excise_including_customs,classic_austlii,https://classic.austlii.edu.au/au/legis/cth/consol_act/clca1997261/,,,,,InForce,text,,https://classic.austlii.edu.au/cgi-bin/download.cgi/cgi-bin/download.cgi/download/au/legis/cth/consol_act/clca1997261.txt
100000036,Customs Securities (Penalties) Act 1981,primary_legislation,C2004A03349,austlii:sha256:cb20745f9c26a597f34b5f3516ab9a818991736a9216f2ca084d37db71783c7a,commonwealth,excise_including_customs,classic_austlii,https://classic.austlii.edu.au/au/legis/cth/consol_act/csa1981334/,,,,,InForce,text,,https://classic.austlii.edu.au/cgi-bin/download.cgi/cgi-bin/download.cgi/download/au/legis/cth/consol_act/csa1981334.txt
100000037,Customs Securities (Penalties) Act 1981,primary_legislation,C2004A03352,austlii:sha256:cb20745f9c26a597f34b5f3516ab9a818991736a9216f2ca084d37db71783c7a,commonwealth,excise_including_customs,classic_austlii,https://classic.austlii.edu.au/au/legis/cth/consol_act/csa1981334/,,,,,InForce,text,,https://classic.austlii.edu.au/cgi-bin/download.cgi/cgi-bin/download.cgi/download/au/legis/cth/consol_act/csa1981334.txt
100000038,Customs Tariff Act 1995,primary_legislation,C2004A03350,austlii:sha256:4ec8384ffb31a4cc0b31d88b0cb35b8c4d8b440799828c143285e39572bb4fa7,commonwealth,excise_including_customs,classic_austlii,https://classic.austlii.edu.au/au/legis/cth/consol_act/cta1995178/,,,,,InForce,text,,https://classic.austlii.edu.au/cgi-bin/download.cgi/cgi-bin/download.cgi/download/au/legis/cth/consol_act/cta1995178.txt
100000039,Customs Undertakings (Penalties) Act 1981,primary_legislation,C2004A03351,austlii:sha256:b4e4877572805b78fdcc5a3d1287263a31d0345ae0895e39d8ff9c15595a033a,commonwealth,excise_including_customs,classic_austlii,https://classic.austlii.edu.au/au/legis/cth/consol_act/cua1981347/,,,,,InForce,text,,https://classic.austlii.edu.au/cgi-bin/download.cgi/cgi-bin/download.cgi/download/au/legis/cth/consol_act/cua1981347.txt
100000040,Data-Matching Program (Assistance and Tax) Act 1990,primary_legislation,C2004A04095,austlii:sha256:8850e5ae0aa4b711f4d47d055ca493ec194826d5fc87c209374557b041982df5,commonwealth,other,classic_austlii,https://classic.austlii.edu.au/au/legis/cth/num_act/dpata1990349/,,,,,InForce,text,https://www.legislation.gov.au/C2004A04095/latest/text,https://classic.austlii.edu.au/cgi-bin/download.cgi/cgi-bin/download.cgi/download/au/legis/cth/num_act/dpata1990349.txt
100000041,Duties Act 1997,primary_legislation,fmt:v2|2025-12-03,austlii:sha256:a6d7602f0c0bf19a341e5383504f70340864b0102c44880f82b45f2035afc509,new_south_wales,duties,classic_austlii,https://classic.austlii.edu.au/au/legis/nsw/consol_act/da199793/,,,,,InForce,text,https://legislation.nsw.gov.au/view/html/inforce/current/act-1997-123,https://classic.austlii.edu.au/cgi-bin/download.cgi/cgi-bin/download.cgi/download/au/legis/nsw/consol_act/da199793.txt
100000042,Duties Act 1999,primary_legislation,R79|2025-12-16,austlii:sha256:91f7f0132dd375731cfb47838ae9d0faf8f403c4879eea46d0f47189dc0ccb1a,australian_capital_territory,duties,classic_austlii,https://classic.austlii.edu.au/au/legis/act/consol_act/da199993/,,,,,InForce,text,https://www.legislation.act.gov.au/a/1999-7/,https://classic.austlii.edu.au/cgi-bin/download.cgi/cgi-bin/download.cgi/download/au/legis/act/consol_act/da199993.txt
100000043,Duties Act 2000,primary_legislation,140,austlii:sha256:462869c8a266b6b3d6952675cec7d74ed36ce5dfa280a139d28c0b25ab26a223,victoria,duties,classic_austlii,https://classic.austlii.edu.au/au/legis/vic/consol_act/da200093/,,,,,InForce,text,https://www.legislation.vic.gov.au/in-force/acts/duties-act-2000/,https://classic.austlii.edu.au/cgi-bin/download.cgi/cgi-bin/download.cgi/download/au/legis/vic/consol_act/da200093.txt
100000044,Duties Act 2001,primary_legislation,sha256:ee077c9c6444a90807708e46e6bf873adcac120ecdcfb31e66d156197f471237,austlii:sha256:4e71ca698a7b2fa19db0111e03ffedfc5e6d53ea80191929f08fbdf635f82ea5,queensland,duties,classic_austlii,https://classic.austlii.edu.au/au/legis/qld/consol_act/da200193/,,,,,InForce,text,https://www.legislation.qld.gov.au/view/html/inforce/current/act-2001-071,https://classic.austlii.edu.au/cgi-bin/download.cgi/cgi-bin/download.cgi/download/au/legis/qld/consol_act/da200193.txt
100000045,Duties Act 2001,primary_legislation,fmt:v4|2024-09-04,austlii:sha256:e96d89a263b2bdf4d2d342aa2335b3ce4672c0038b49b4672439dcecc928e2a4,tasmania,duties,classic_austlii,https://classic.austlii.edu.au/au/legis/tas/consol_act/da200193/,,,,,InForce,text,https://www.legislation.tas.gov.au/view/html/inforce/current/act-2001-015,https://classic.austlii.edu.au/cgi-bin/download.cgi/cgi-bin/download.cgi/download/au/legis/tas/consol_act/da200193.txt
100000046,Duties Act 2008,primary_legislation,fmt:v2|currency_start:2025-12-19|suffix:03-x0-00,austlii:sha256:8be9b869b9ec415e49abfa071a752de416e3d34d3322e4f5df36e0e146163309,western_australia,duties,classic_austlii,https://classic.austlii.edu.au/au/legis/wa/consol_act/da200893/,,,,,InForce,text,https://www.legislation.wa.gov.au/legislation/statutes.nsf/law_a146657.html&view=consolidated,https://classic.austlii.edu.au/cgi-bin/download.cgi/cgi-bin/download.cgi/download/au/legis/wa/consol_act/da200893.txt
100000047,Duties Regulation 2023,secondary_legislation,sha256:55fed35ac62f5ba81add8d1192b4409678a2a5ef9a2695ba1bbaadfd3942ce83,austlii:sha256:c747afde9e161d6833ec6d57157598834ac19c98640b13c3284c030e329fcebd,queensland,duties,classic_austlii,https://classic.austlii.edu.au/au/legis/qld/consol_reg/dr2023184/,,,,,InForce,text,https://www.legislation.qld.gov.au/view/html/inforce/current/sl-2023-0104,https://classic.austlii.edu.au/cgi-bin/download.cgi/cgi-bin/download.cgi/download/au/legis/qld/consol_reg/dr2023184.txt
100000048,Duties Regulations 2008,secondary_legislation,fmt:v2|currency_start:2025-05-01|suffix:01-j0-00,austlii:sha256:351d617d637d1f12526372f9aa3958309770996035b88675db12edc1abb685a0,western_australia,duties,classic_austlii,https://classic.austlii.edu.au/au/legis/wa/consol_reg/dr2008202/,,,,,InForce,text,https://www.legislation.wa.gov.au/legislation/statutes.nsf/law_s40675.html&view=consolidated,https://classic.austlii.edu.au/au/legis/wa/consol_reg/dr2008202/
100000049,Duties Regulations 2021,secondary_legislation,fmt:v4|2021-06-16,austlii:sha256:34b6cf5581ea75c12ea09a12e54441ea214852b22d70dd1a427a6932e5e0c219,tasmania,duties,classic_austlii,https://classic.austlii.edu.au/au/legis/tas/consol_reg/dr2021202/,,,,,InForce,text,https://www.legislation.tas.gov.au/view/html/inforce/current/sr-2021-037,https://classic.austlii.edu.au/cgi-bin/download.cgi/cgi-bin/download.cgi/download/au/legis/tas/consol_reg/dr2021202.txt
100000050,Excise Act 1901,primary_legislation,C2004A03349,austlii:sha256:bfbaa6ccbb66d21d838d6018c69a778e6f29e72208d7399b4c6b72ddb35543ff,commonwealth,excise_including_customs,classic_austlii,https://classic.austlii.edu.au/au/legis/cth/consol_act/ea190180/,,,,,InForce,text,,https://classic.austlii.edu.au/cgi-bin/download.cgi/cgi-bin/download.cgi/download/au/legis/cth/consol_act/ea190180.txt
100000051,Excise Tariff Act 1921,primary_legislation,C2004A03353,austlii:sha256:1c9ad49d0d7aba1a7400ac39bfdab4e20276b2c9d6f05fe706e4fb13936e6685,commonwealth,excise_including_customs,classic_austlii,https://classic.austlii.edu.au/au/legis/cth/consol_act/eta1921134/,,,,,InForce,text,,https://classic.austlii.edu.au/cgi-bin/download.cgi/cgi-bin/download.cgi/download/au/legis/cth/consol_act/eta1921134.txt
100000052,Fair Work Act 2009,primary_legislation,C2009A00028,austlii:sha256:3dd9eb00f4773229541df37fc8362d17242daff22363f81670ebaa196f26ac09,commonwealth,other,classic_austlii,https://classic.austlii.edu.au/au/legis/cth/consol_act/fwa2009114/,,,,,InForce,text,https://www.legislation.gov.au/C2009A00028/latest/text,https://classic.austlii.edu.au/cgi-bin/download.cgi/cgi-bin/download.cgi/download/au/legis/cth/consol_act/fwa2009114.txt
100000053,Family Law Act 1975,primary_legislation,C2004A00275,austlii:sha256:937ef849f5626fac9215fa3f891e132ce274a0ba7aa0b51e6c7d590eb0d7b28e,commonwealth,other,classic_austlii,https://classic.austlii.edu.au/au/legis/cth/num_act/fla1975114/,,,,,InForce,text,https://www.legislation.gov.au/C2004A00275/latest/text,https://classic.austlii.edu.au/cgi-bin/download.cgi/cgi-bin/download.cgi/download/au/legis/cth/num_act/fla1975114.txt
100000054,Family Trust Distribution Tax (Primary Liability) Act 1998,primary_legislation,C2004A05323,austlii:sha256:b025e09fc87106963b8c3530a11fa1be7dd89b75b41b32409a8d8932b5a4686e,commonwealth,other,classic_austlii,https://classic.austlii.edu.au/au/legis/cth/consol_act/ftdtla1998547/,,,,,InForce,text,https://www.legislation.gov.au/C2004A05323/latest/text,https://classic.austlii.edu.au/cgi-bin/download.cgi/cgi-bin/download.cgi/download/au/legis/cth/consol_act/ftdtla1998547.txt
100000055,Family Trust Distribution Tax (Secondary Liability) Act 1998,primary_legislation,C2004A05324,austlii:sha256:952fde1e2de4310dcf92f53e7847ca7ae4d93c1fd1ff6cccf09085c871b677e3,commonwealth,other,classic_austlii,https://classic.austlii.edu.au/au/legis/cth/consol_act/ftdtla1998549/,,,,,InForce,text,https://www.legislation.gov.au/C2004A05324/latest/text,https://classic.austlii.edu.au/cgi-bin/download.cgi/cgi-bin/download.cgi/download/au/legis/cth/consol_act/ftdtla1998549.txt
100000056,First Home and Housing Construction Grants Act 2000,primary_legislation,fmt:v2|2025-12-03,austlii:sha256:8ac27d5efb8721e2bfe7c60ce5064c2f7bf1221e34a2188923ceb0f8f7c44650,south_australia,Other,classic_austlii,https://classic.austlii.edu.au/au/legis/sa/consol_act/fhahcga2000459/,,,,,InForce,text,https://www.legislation.sa.gov.au/lz?path=%2FC%2FA%2FFirst%20Home%20and%20Housing%20Construction%20Grants%20Act%202000,https://classic.austlii.edu.au/cgi-bin/download.cgi/cgi-bin/download.cgi/download/au/legis/sa/consol_act/fhahcga2000459.txt
100000057,First Home Owner Grant Act 2000,primary_legislation,R37|2025-11-16,austlii:sha256:5a09becd25ac90f62ab05941f80a73f7012e1c0700607b811039b04547d453d8,australian_capital_territory,other,classic_austlii,https://classic.austlii.edu.au/au/legis/act/consol_act/fhoga2000250/,,,,,InForce,text,https://www.legislation.act.gov.au/a/2000-23/,https://classic.austlii.edu.au/cgi-bin/download.cgi/cgi-bin/download.cgi/download/au/legis/act/consol_act/fhoga2000250.txt
100000058,First Home Owner Grant Act 2000,primary_legislation,reprint:REPF039,austlii:sha256:07d639b1b749637299c02b6e2eb8ef6e4f874217a19925dd4b4bf991cb1c6a88,northern_territory,Other,classic_austlii,https://classic.austlii.edu.au/au/legis/nt/consol_act/fhoga2000250/,,,,,InForce,text,https://legislation.nt.gov.au/Legislation/FIRST-HOME-OWNER-GRANT-ACT-2000,https://classic.austlii.edu.au/cgi-bin/download.cgi/cgi-bin/download.cgi/download/au/legis/nt/consol_act/fhoga2000250.txt
100000059,First Home Owner Grant and Home Buyer Schemes Act 2000,primary_legislation,53,austlii:sha256:b36b243c2d47a84cee0a0c3a4e4d7b6ad21456f039e2771b4037407221b764b7,victoria,Other,classic_austlii,https://classic.austlii.edu.au/au/legis/vic/consol_act/fhogahbsa2000434/,,,,,InForce,text,https://www.legislation.vic.gov.au/in-force/acts/first-home-owner-grant-and-home-buyer-schemes-act-2000/,https://classic.austlii.edu.au/cgi-bin/download.cgi/cgi-bin/download.cgi/download/au/legis/vic/consol_act/fhogahbsa2000434.txt
100000060,First Home Owner Grant and Other Home Owner Grants Act 2000,primary_legislation,sha256:454ca7f86635100617447c5ebb9fa8783675545c56be1f0a9879eac9a528b0be,austlii:sha256:0c532a77d7064f46ee1a5ad93a1089ab1b436a7090a9ca6d44b95c7dbbac4322,queensland,Other,classic_austlii,https://classic.austlii.edu.au/au/legis/qld/consol_act/fhogaohoga2000507/,,,,,InForce,text,https://www.legislation.qld.gov.au/view/html/inforce/current/act-2000-014,https://classic.austlii.edu.au/cgi-bin/download.cgi/cgi-bin/download.cgi/download/au/legis/qld/consol_act/fhogaohoga2000507.txt
100000061,First Home Owner Grant and Shared Equity Act 2000,primary_legislation,fmt:v2|2025-12-03,austlii:sha256:6e4055dfbc843db8351fd91e0d535da42bd55d1fc4105a930b913489306bc299,new_south_wales,Other,classic_austlii,https://classic.austlii.edu.au/au/legis/nsw/consol_act/fhogasea2000406/,,,,,InForce,text,https://legislation.nsw.gov.au/view/html/inforce/current/act-2000-021,https://classic.austlii.edu.au/cgi-bin/download.cgi/cgi-bin/download.cgi/download/au/legis/nsw/consol_act/fhogasea2000406.txt
100000062,Foreign Acquisitions and Takeovers Act 1975,primary_legislation,C2004A01402,austlii:sha256:3edbf0d1619c8ca125a5687273a8fe90716ff31c47cf80ccddab6bf1871f9109,commonwealth,other,classic_austlii,https://classic.austlii.edu.au/au/legis/cth/consol_act/faata1975355/,,,,,InForce,text,https://www.legislation.gov.au/C2004A01402/latest/text,https://classic.austlii.edu.au/cgi-bin/download.cgi/cgi-bin/download.cgi/download/au/legis/cth/consol_act/faata1975355.txt
100000063,Franchise Fees Windfall Tax (Collection) Act 1997,primary_legislation,C2004A05225,austlii:sha256:c2de876da0354d1eb99995b2587d91dcda9a5ba2bb74773bb44c4f8eb3ed38e1,commonwealth,other,classic_austlii,https://classic.austlii.edu.au/au/legis/cth/consol_act/ffwta1997339/,,,,,InForce,text,https://www.legislation.gov.au/C2004A05225/latest/text,https://classic.austlii.edu.au/cgi-bin/download.cgi/cgi-bin/download.cgi/download/au/legis/cth/consol_act/ffwta1997339.txt
100000064,Franchise Fees Windfall Tax (Imposition) Act 1997,primary_legislation,C2004A05226,austlii:sha256:7cd9d6ba370a6dc98cfffbeaa359f08cc97f0a2d51aee6e0b41ce3e5be9ee2f9,commonwealth,other,classic_austlii,https://classic.austlii.edu.au/au/legis/cth/num_act/ffwta1997370/,,,,,InForce,text,https://www.legislation.gov.au/C2004A05226/latest/text,https://classic.austlii.edu.au/cgi-bin/download.cgi/cgi-bin/download.cgi/download/au/legis/cth/num_act/ffwta1997370.txt
100000065,Freedom of Information Act 1982,primary_legislation,C2004A03362,austlii:sha256:9a6ec3f472dad59cededa3d5842b8c64ebbdc9bf4e57aa2125b0dc19fb146f04,commonwealth,Other,classic_austlii,https://classic.austlii.edu.au/au/legis/cth/consol_act/foia1982222/,,,,,InForce,text,,https://classic.austlii.edu.au/cgi-bin/download.cgi/cgi-bin/download.cgi/download/au/legis/cth/consol_act/foia1982222.txt
100000066,Fringe Benefits Tax (Application to the Commonwealth) Act 1986,primary_legislation,C2004A03283,austlii:sha256:c0f37015722b7ae3ba56285f1f28b36795a733bbf79aa3702e6cf594b2ff7837,commonwealth,fringe_benefits_tax,classic_austlii,https://classic.austlii.edu.au/au/legis/cth/consol_act/fbtttca1986486/,,,,,InForce,text,https://www.legislation.gov.au/C2004A03283/latest/text,https://classic.austlii.edu.au/cgi-bin/download.cgi/cgi-bin/download.cgi/download/au/legis/cth/consol_act/fbtttca1986486.txt
100000067,Fringe Benefits Tax Act 1986,primary_legislation,C2004A03281,austlii:sha256:039a627c43833f8c3cedc45f108b2678b1ea67d092de3207ff5f70c31600f7b1,commonwealth,fringe_benefits_tax,classic_austlii,https://classic.austlii.edu.au/au/legis/cth/num_act/fbta1986188/,,,,,InForce,text,https://www.legislation.gov.au/C2004A03281/latest/text,https://classic.austlii.edu.au/cgi-bin/download.cgi/cgi-bin/download.cgi/download/au/legis/cth/num_act/fbta1986188.txt
100000068,Fringe Benefits Tax Assessment Act 1986,primary_legislation,C2004A03280,austlii:sha256:815e4a2c782cf502757b6beafd1b8de8059743b80b5b5e5f22a148dab8067720,commonwealth,fringe_benefits_tax,classic_austlii,https://classic.austlii.edu.au/au/legis/cth/consol_act/fbtaa1986312/,,,,,InForce,text,https://www.legislation.gov.au/C2004A03280/latest/text,https://classic.austlii.edu.au/cgi-bin/download.cgi/cgi-bin/download.cgi/download/au/legis/cth/consol_act/fbtaa1986312.txt
100000069,Fuel Tax Act 2006,primary_legislation,C2004A03354,austlii:sha256:5f3d3d01e410b006aed1a3b7b98e979892cfd4d7a04cbb99d3cd8e08b54abe47,commonwealth,excise_including_customs,classic_austlii,https://classic.austlii.edu.au/au/legis/cth/consol_act/fta2006103/,,,,,InForce,text,,https://classic.austlii.edu.au/cgi-bin/download.cgi/cgi-bin/download.cgi/download/au/legis/cth/consol_act/fta2006103.txt
100000070,Gambling and Racing Control Act 1999,primary_legislation,R35|2025-12-16,austlii:sha256:fe61d989319c58d1c5090d6fdda0fe1f2bb70109d5c091a61b2284dd44c25a30,australian_capital_territory,other,classic_austlii,https://classic.austlii.edu.au/au/legis/act/consol_act/garca1999230/,,,,,InForce,text,https://www.legislation.act.gov.au/a/1999-46/,https://classic.austlii.edu.au/cgi-bin/download.cgi/cgi-bin/download.cgi/download/au/legis/act/consol_act/garca1999230.txt
100000071,Gambling Taxation Act 2023,primary_legislation,3,austlii:sha256:b6ab1233f9e8f2ee8bdde5a0390a636ea575e2611442ea6a90ff47c8ea31048c,victoria,Other,classic_austlii,https://classic.austlii.edu.au/au/legis/vic/consol_act/gta2023174/,,,,,InForce,text,https://www.legislation.vic.gov.au/in-force/acts/gambling-taxation-act-2023/,https://classic.austlii.edu.au/cgi-bin/download.cgi/cgi-bin/download.cgi/download/au/legis/vic/consol_act/gta2023174.txt
100000072,Gaming Control Act 1993,primary_legislation,reprint:REPG006,austlii:sha256:521cb204eb56e86278a7ea46adf8e224246f2f13cd8503a9324a0301ed48bfa6,northern_territory,Other,classic_austlii,https://classic.austlii.edu.au/au/legis/nt/consol_act/gca1993156/,,,,,InForce,text,https://legislation.nt.gov.au/en/Legislation/GAMING-CONTROL-ACT-1993,https://classic.austlii.edu.au/cgi-bin/download.cgi/cgi-bin/download.cgi/download/au/legis/nt/consol_act/gca1993156.txt
100000073,Gaming Machine Act 1995,primary_legislation,reprint:REPG008,austlii:sha256:6227db77652bc7b485e132e5a2a337831545b20ce491d56f6fce55be55a0e48d,northern_territory,Other,classic_austlii,https://classic.austlii.edu.au/au/legis/nt/consol_act/gma1995112/,,,,,InForce,text,https://legislation.nt.gov.au/en/Legislation/GAMING-MACHINE-ACT-1995,https://classic.austlii.edu.au/cgi-bin/download.cgi/cgi-bin/download.cgi/download/au/legis/nt/consol_act/gma1995112.txt
100000074,Gaming Machine Act 2004,primary_legislation,R64|2025-12-16,austlii:sha256:f0d2117821a91eca01ea22a309b774b253e196a81f2895fced3b66eedae86699,australian_capital_territory,other,classic_austlii,https://classic.austlii.edu.au/au/legis/act/consol_act/gma2004112/,,,,,InForce,text,https://www.legislation.act.gov.au/a/2004-34/,https://classic.austlii.edu.au/cgi-bin/download.cgi/cgi-bin/download.cgi/download/au/legis/act/consol_act/gma2004112.txt
100000075,Gaming Machine Tax Act 2001,primary_legislation,fmt:v2|2021-11-29,austlii:sha256:8f5c61f61c49452e33b812e7743fab961614999b82a5e298e8d0edd1c2709f58,new_south_wales,Other,classic_austlii,https://classic.austlii.edu.au/au/legis/nsw/consol_act/gmta2001154/,,,,,InForce,text,https://legislation.nsw.gov.au/view/html/inforce/current/act-2001-072,https://classic.austlii.edu.au/cgi-bin/download.cgi/cgi-bin/download.cgi/download/au/legis/nsw/consol_act/gmta2001154.txt
100000076,Health Insurance Act 1973,primary_legislation,C2025C00640,austlii:sha256:1a891f6b599152044c022e8939d5f4d28d4bef1b9635412d7d0413d38d2bef8e,commonwealth,other,classic_austlii,https://classic.austlii.edu.au/au/legis/cth/consol_act/hia1973164/,,,,,InForce,text,https://www.legislation.gov.au/C2004A00101/latest/text,https://classic.austlii.edu.au/cgi-bin/download.cgi/cgi-bin/download.cgi/download/au/legis/cth/consol_act/hia1973164.txt
100000077,Health Insurance Levies Act 1982,primary_legislation,fmt:v2|2013-01-11,austlii:sha256:7bfafd03aa227344efac2043b7ab059a1a8dc296a982e87ef01196667e750144,new_south_wales,Other,classic_austlii,https://classic.austlii.edu.au/au/legis/nsw/consol_act/hila1982230/,,,,,InForce,text,https://legislation.nsw.gov.au/view/html/inforce/current/act-1982-159,https://classic.austlii.edu.au/cgi-bin/download.cgi/cgi-bin/download.cgi/download/au/legis/nsw/consol_act/hila1982230.txt
100000078,Higher Education Support Act 2003,primary_legislation,C2004A01234,austlii:sha256:de81d6b516104ccc6ca44c6004c852fdfa02554d134df647878d4eed440e3751,commonwealth,other,classic_austlii,https://classic.austlii.edu.au/au/legis/cth/consol_act/hesa2003271/,,,,,InForce,text,https://www.legislation.gov.au/C2004A01234/latest/text,https://classic.austlii.edu.au/cgi-bin/download.cgi/cgi-bin/download.cgi/download/au/legis/cth/consol_act/hesa2003271.txt
100000079,Income Tax (Bearer Debentures) Act 1971,primary_legislation,C1971A00055,austlii:sha256:ad6447f717ede99304a5428f172d78aea0283e56e141a5f41a702cdc54fbfa3d,commonwealth,federal_tax,classic_austlii,https://classic.austlii.edu.au/au/legis/cth/consol_act/itda1971262/,,,,,InForce,text,https://www.legislation.gov.au/C1971A00055/latest/text,https://classic.austlii.edu.au/cgi-bin/download.cgi/cgi-bin/download.cgi/download/au/legis/cth/consol_act/itda1971262.txt
100000080,Income Tax (Consequential Amendments) Act 1997,primary_legislation,C2004A05134,austlii:sha256:848c861945562773635f7a1bfb15e767b482e44bcd7c9ffe36d399313c8799f2,commonwealth,federal_tax,classic_austlii,https://classic.austlii.edu.au/au/legis/cth/num_act/itaa1997356/,,,,,InForce,text,https://www.legislation.gov.au/C2004A05134/latest/text,https://classic.austlii.edu.au/cgi-bin/download.cgi/cgi-bin/download.cgi/download/au/legis/cth/num_act/itaa1997356.txt
100000081,Income Tax (Deferred Interest Securities) (Tax File Number Withholding Tax) Act 1991,primary_legislation,C2004A04290,austlii:sha256:6b7cb1fbca5781f385320cf98aae5e92b3114d11653f3f3c119496c6345d93ef,commonwealth,federal_tax,classic_austlii,https://classic.austlii.edu.au/au/legis/cth/consol_act/itisfnwta1991690/,,,,,InForce,text,https://www.legislation.gov.au/C2004A04290/latest/text,https://classic.austlii.edu.au/cgi-bin/download.cgi/cgi-bin/download.cgi/download/au/legis/cth/consol_act/itisfnwta1991690.txt
100000082,Income Tax (Diverted Income) Act 1981,primary_legislation,C2004A02489,austlii:sha256:dbae4708af4819131c320c0d5eabfee5113125c09fbdafb71aec7c6899fd7210,commonwealth,federal_tax,classic_austlii,https://classic.austlii.edu.au/au/legis/cth/num_act/itia1981248/,,,,,InForce,text,https://www.legislation.gov.au/C2004A02489/latest/text,https://classic.austlii.edu.au/cgi-bin/download.cgi/cgi-bin/download.cgi/download/au/legis/cth/num_act/itia1981248.txt
100000083,"Income Tax (Dividends, Interest and Royalties Withholding Tax) Act 1974",primary_legislation,C2004A00086,austlii:sha256:dd324efdb0a9a91e7a2d56f894acb6c1f26ca45d6986ca2dd8ad11626c2e47e7,commonwealth,federal_tax,classic_austlii,https://classic.austlii.edu.au/au/legis/cth/consol_act/itiarwta1974590/,,,,,InForce,text,https://www.legislation.gov.au/C2004A00086/latest/text,https://classic.austlii.edu.au/cgi-bin/download.cgi/cgi-bin/download.cgi/download/au/legis/cth/consol_act/itiarwta1974590.txt
100000084,Income Tax (Former Complying Superannuation Funds) Act 1994,primary_legislation,C2004A04844,austlii:sha256:95c1797cae7bbd7ce3461de9ac77c62fdd3b80f5c162ed4b1afe1ef632654e6a,commonwealth,federal_tax,classic_austlii,https://classic.austlii.edu.au/au/legis/cth/consol_act/itcsfa1994523/,,,,,InForce,text,https://www.legislation.gov.au/C2004A04844/latest/text,https://classic.austlii.edu.au/cgi-bin/download.cgi/cgi-bin/download.cgi/download/au/legis/cth/consol_act/itcsfa1994523.txt
100000085,Income Tax (Former Non-Resident Superannuation Funds) Act 1994,primary_legislation,C2004A04845,austlii:sha256:844f4026c37269b5cfeff6d210fca3440f3edba2277c7981e77abeda09e5c1ab,commonwealth,federal_tax,classic_austlii,https://classic.austlii.edu.au/au//legis/cth/consol_act/itnsfa1994544/,,,,,InForce,text,https://www.legislation.gov.au/C2004A04845/latest/text,https://classic.austlii.edu.au/cgi-bin/download.cgi/cgi-bin/download.cgi/download/au/legis/cth/consol_act/itnsfa1994544.txt
100000086,Income Tax (Fund Contributions) Act 1989,primary_legislation,C2004A03847,austlii:sha256:a3a801df25fd1b8a545f09328738385ce1327fe831a5f1305087c7bc2feff504,commonwealth,federal_tax,classic_austlii,https://classic.austlii.edu.au/au/legis/cth/num_act/itca1989323/,,,,,InForce,text,https://www.legislation.gov.au/C2004A03847/latest/text,https://classic.austlii.edu.au/cgi-bin/download.cgi/cgi-bin/download.cgi/download/au/legis/cth/num_act/itca1989323.txt
100000087,Income Tax (Labour Mobility Program Withholding Tax) Act 2012,primary_legislation,C2012A00059,austlii:sha256:5d6bcf8cca1976f1d24cccc09d4434351232ae494956ec2cda025d182fc487cc,commonwealth,federal_tax,classic_austlii,https://classic.austlii.edu.au/au/legis/cth/consol_act/itmpwta2012517/,,,,,InForce,text,https://www.legislation.gov.au/C2012A00059/latest/text,https://classic.austlii.edu.au/cgi-bin/download.cgi/cgi-bin/download.cgi/download/au/legis/cth/consol_act/itmpwta2012517.txt
100000088,Income Tax (Managed Investment Trust Transitional) Act 2008,primary_legislation,C2008A00030,austlii:sha256:0e6b4a6a5a3d16ef53f27f8dc6c2a64f06335a45aa96d8fb31065595ea16f21f,commonwealth,federal_tax,classic_austlii,https://classic.austlii.edu.au/au/legis/cth/num_act/ititta2008518/,,,,,InForce,text,https://www.legislation.gov.au/C2008A00030/latest/text,https://classic.austlii.edu.au/cgi-bin/download.cgi/cgi-bin/download.cgi/download/au/legis/cth/num_act/ititta2008518.txt
100000089,Income Tax (Managed Investment Trust Withholding Tax) Act 2008,primary_legislation,C2008A00031,austlii:sha256:900ec24bdc503a7534762b680597876314fc367abc8d3281f01c78dac79ebb73,commonwealth,federal_tax,classic_austlii,https://classic.austlii.edu.au/au/legis/cth/consol_act/ititwta2008538/,,,,,InForce,text,https://www.legislation.gov.au/C2008A00031/latest/text,https://classic.austlii.edu.au/cgi-bin/download.cgi/cgi-bin/download.cgi/download/au/legis/cth/consol_act/ititwta2008538.txt
100000090,Income Tax (Mining Withholding Tax) Act 1979,primary_legislation,C2004A02038,austlii:sha256:13033eb131c774e200e917ca7689ad7cc88f7d9679062d6b78696ff2723ea050,commonwealth,federal_tax,classic_austlii,https://classic.austlii.edu.au/au/legis/cth/num_act/itwta1979336/,,,,,InForce,text,https://www.legislation.gov.au/C2004A02038/latest/text,https://classic.austlii.edu.au/cgi-bin/download.cgi/cgi-bin/download.cgi/download/au/legis/cth/num_act/itwta1979336.txt
100000091,Income Tax (Offshore Banking Units) (Withholding Tax Recoupment) Act 1988,primary_legislation,C2004A03605,austlii:sha256:a662b21a174727de832f73d3c8bd587c5cd44df520e3418a0ce820b94125dd62,commonwealth,federal_tax,classic_austlii,https://classic.austlii.edu.au/au/legis/cth/consol_act/itbutra1988609/,,,,,InForce,text,https://www.legislation.gov.au/C2004A03605/latest/text,https://classic.austlii.edu.au/cgi-bin/download.cgi/cgi-bin/download.cgi/download/au/legis/cth/consol_act/itbutra1988609.txt
100000092,Income Tax (TFN Withholding Tax (ESS)) Act 2009,primary_legislation,C2009A00132,austlii:sha256:79bb92f006877e39318a9c4eb2099f8436030b8f52d0a9a2c7546962d8715c2f,commonwealth,federal_tax,classic_austlii,https://classic.austlii.edu.au/au/legis/cth/consol_act/itwta2009353/,,,,,InForce,text,https://www.legislation.gov.au/C2009A00132/latest/text,https://classic.austlii.edu.au/cgi-bin/download.cgi/cgi-bin/download.cgi/download/au/legis/cth/consol_act/itwta2009353.txt
100000093,Income Tax Act 1986,primary_legislation,C2004A03349,austlii:sha256:f975cd3f5dbaf064a6715112802044697720aaa6865a9fa974396f86c4eea796,commonwealth,federal_tax,classic_austlii,https://classic.austlii.edu.au/au/legis/cth/consol_act/ita1986116/,,,,,InForce,text,https://www.legislation.gov.au/C2004A03349/latest/text,https://classic.austlii.edu.au/cgi-bin/download.cgi/cgi-bin/download.cgi/download/au/legis/cth/consol_act/ita1986116.txt
100000094,Income Tax Assessment Act 1936,primary_legislation,C1936A00027,austlii:sha256:1a8e98f8ea1c882780d15228a330b11bcc7db2cb8636cf1babe19e6617978f0e,commonwealth,federal_tax,classic_austlii,https://classic.austlii.edu.au/au/legis/cth/consol_act/itaa1936240/,,,,,InForce,text,https://www.legislation.gov.au/C1936A00027/latest/text,https://classic.austlii.edu.au/cgi-bin/download.cgi/cgi-bin/download.cgi/download/au/legis/cth/consol_act/itaa1936240.txt
100000095,Income Tax Assessment Act 1997,primary_legislation,C2004A05138,austlii:sha256:efdf8b3262291cdda1b476972fe5457a243844d00f33fe6d6ec748f4785e4d87,commonwealth,federal_tax,classic_austlii,https://classic.austlii.edu.au/au/legis/cth/consol_act/itaa1997240/,,,,,InForce,text,https://www.legislation.gov.au/C2004A03348/latest/text,https://classic.austlii.edu.au/cgi-bin/download.cgi/cgi-bin/download.cgi/download/au/legis/cth/consol_act/itaa1997240.txt
100000096,Income Tax Rates Act 1986,primary_legislation,C2025C00288,austlii:sha256:e0b75161f0eb72031c0c7882be837c57b4eeed6fef5e00d2bf073a66e86fa3fb,commonwealth,federal_tax,classic_austlii,https://classic.austlii.edu.au/au/legis/cth/num_act/itra1986174/,,,,,InForce,text,https://www.legislation.gov.au/C2004A05138/latest/text,https://classic.austlii.edu.au/cgi-bin/download.cgi/cgi-bin/download.cgi/download/au/legis/cth/num_act/itra1986174.txt
100000097,Inspector-General of Taxation Act 2003,primary_legislation,C2004A01106,austlii:sha256:fb4a97cc8c598da1da64fd982822984eee92cd9212465c1080a66d6794bf56d5,commonwealth,other,classic_austlii,https://classic.austlii.edu.au/au/legis/cth/consol_act/iota2003301/,,,,,InForce,text,https://www.legislation.gov.au/C2004A01106/latest/text,https://classic.austlii.edu.au/cgi-bin/download.cgi/cgi-bin/download.cgi/download/au/legis/cth/consol_act/iota2003301.txt
100000098,Insurance Protection Tax Act 2001,primary_legislation,fmt:v2|2024-08-20,austlii:sha256:7f891a667dd86c9a2ce84cff42542132292cce30df4b2f3e31d2aa22617be4b4,new_south_wales,Other,classic_austlii,https://classic.austlii.edu.au/au/legis/nsw/consol_act/ipta2001283/,,,,,InForce,text,https://legislation.nsw.gov.au/view/html/inforce/current/act-2001-040,https://classic.austlii.edu.au/cgi-bin/download.cgi/cgi-bin/download.cgi/download/au/legis/nsw/consol_act/ipta2001283.txt
100000099,Interpretation Act 1978,primary_legislation,reprint:REPI005,austlii:sha256:5ede1a90c51c4d6b367b725c9aa0184b9949e03d4a51ed0eada586626bd21ee2,northern_territory,Other,classic_austlii,https://classic.austlii.edu.au/au/legis/nt/consol_act/ia1978191/,,,,,InForce,text,https://legislation.nt.gov.au/Legislation/INTERPRETATION-ACT-1978,https://classic.austlii.edu.au/cgi-bin/download.cgi/cgi-bin/download.cgi/download/au/legis/nt/consol_act/ia1978191.txt
100000100,Interpretation Act 1984,primary_legislation,fmt:v2|currency_start:2025-12-18|suffix:07-k0-00,austlii:sha256:4acfda90d7c3fd316ecc541a9fbbdfe0078db2ff3cc402d9bf3f249ac594658d,western_australia,Other,classic_austlii,https://classic.austlii.edu.au/au/legis/wa/consol_act/ia1984191/,,,,,InForce,text,https://www.legislation.wa.gov.au/legislation/statutes.nsf/law_a384.html&view=consolidated,https://classic.austlii.edu.au/cgi-bin/download.cgi/cgi-bin/download.cgi/download/au/legis/wa/consol_act/ia1984191.txt
100000101,Interpretation Act 1987,primary_legislation,fmt:v2|2024-11-21,austlii:sha256:3bcd7519503701a5b45c7e1d307b03e8890821aafd02aff39196b5c5d7b8b0d7,new_south_wales,Other,classic_austlii,https://classic.austlii.edu.au/au/legis/nsw/consol_act/ia1987191/,,,,,InForce,text,https://legislation.nsw.gov.au/view/whole/html/inforce/current/act-1987-015,https://classic.austlii.edu.au/cgi-bin/download.cgi/cgi-bin/download.cgi/download/au/legis/nsw/consol_act/ia1987191.txt
100000102,Interpretation of Legislation Act 1984,primary_legislation,133,austlii:sha256:932bbea506e8338761f058ea03a27300d448b33fa66e0e3d1ad43a815200fcd5,victoria,Other,classic_austlii,https://classic.austlii.edu.au/au/legis/vic/consol_act/iola1984322/,,,,,InForce,text,https://www.legislation.vic.gov.au/in-force/acts/interpretation-legislation-act-1984/,https://classic.austlii.edu.au/cgi-bin/download.cgi/cgi-bin/download.cgi/download/au/legis/vic/consol_act/iola1984322.txt
100000103,Land Tax Act 1936,primary_legislation,fmt:v2|2025-12-03,austlii:sha256:499791a9df3fb7335b5bbf28ae30068b45374fe63542386fe88bf956e4354591,south_australia,land_tax,classic_austlii,https://classic.austlii.edu.au/au/legis/sa/consol_act/lta193690/,,,,,InForce,text,https://www.legislation.sa.gov.au/lz?path=/c/a/land%20tax%20act%201936,https://classic.austlii.edu.au/cgi-bin/download.cgi/cgi-bin/download.cgi/download/au/legis/sa/consol_act/lta193690.txt
100000104,Land Tax Act 1956,primary_legislation,fmt:v2|2025-09-23,austlii:sha256:01a6a7c412f3ff4edb46e22b5bfd2045e8a99731d494aea93ea05409f4b9d98d,new_south_wales,land_tax,classic_austlii,https://classic.austlii.edu.au/au/legis/nsw/consol_act/lta195690/,,,,,InForce,text,https://legislation.nsw.gov.au/view/html/inforce/current/act-1956-027,https://classic.austlii.edu.au/cgi-bin/download.cgi/cgi-bin/download.cgi/download/au/legis/nsw/consol_act/lta195690.txt
100000105,Land Tax Act 2000,primary_legislation,fmt:v4|2024-09-04,austlii:sha256:85140a90333c8755141a30e79c4b74f1eceff1fe99261223df808ca1f0ce3fe7,tasmania,land_tax,classic_austlii,https://classic.austlii.edu.au/au/legis/tas/consol_act/lta200090/,,,,,InForce,text,https://www.legislation.tas.gov.au/view/html/inforce/current/act-2000-074,https://classic.austlii.edu.au/cgi-bin/download.cgi/cgi-bin/download.cgi/download/au/legis/tas/consol_act/lta200090.txt
100000106,Land Tax Act 2002,primary_legislation,fmt:v2|currency_start:2015-07-01|suffix:02-d0-04,austlii:sha256:3667b2496aeab1e1a5a289b90688b969d0f7436ed9f331e6da7016bc62821fa4,western_australia,land_tax,classic_austlii,https://classic.austlii.edu.au/au/legis/wa/consol_act/lta200290/,,,,,InForce,text,https://www.legislation.wa.gov.au/legislation/statutes.nsf/law_a6340.html&view=consolidated,https://classic.austlii.edu.au/cgi-bin/download.cgi/cgi-bin/download.cgi/download/au/legis/wa/consol_act/lta200290.txt
100000107,Land Tax Act 2004,primary_legislation,R34|2025-12-26,austlii:sha256:e7304e2dbdc6ee4ea4ec3d19d95903124a6fffff225e93eff8f9bd40e766e4d0,australian_capital_territory,land_tax,classic_austlii,https://classic.austlii.edu.au/au/legis/act/consol_act/lta200490/,,,,,InForce,text,https://www.legislation.act.gov.au/a/2004-4/,https://classic.austlii.edu.au/cgi-bin/download.cgi/cgi-bin/download.cgi/download/au/legis/act/consol_act/lta200490.txt
100000108,Land Tax Act 2005,primary_legislation,84,austlii:sha256:b5a18222514623a7af81fd05faa974dd254e67c43bd311421044be9857f81093,victoria,land_tax,classic_austlii,https://classic.austlii.edu.au/au/legis/vic/consol_act/lta200590/,,,,,InForce,text,https://www.legislation.vic.gov.au/in-force/acts/land-tax-act-2005/,https://classic.austlii.edu.au/cgi-bin/download.cgi/cgi-bin/download.cgi/download/au/legis/vic/consol_act/lta200590.txt
100000109,Land Tax Assessment Act 2002,primary_legislation,fmt:v2|currency_start:2025-12-19|suffix:05-m0-00,austlii:sha256:53a3d0d0a06f2c53ba027f1ba17990d37c25be5395d5e6458bbb58b3ff421a6d,western_australia,land_tax,classic_austlii,https://classic.austlii.edu.au/au/legis/wa/consol_act/ltaa2002214/,,,,,InForce,text,https://www.legislation.wa.gov.au/legislation/statutes.nsf/law_a6341.html&view=consolidated,https://classic.austlii.edu.au/cgi-bin/download.cgi/cgi-bin/download.cgi/download/au/legis/wa/consol_act/ltaa2002214.txt
100000110,Land Tax Assessment Regulations 2003,secondary_legislation,fmt:v2|currency_start:2022-07-01|suffix:02-f0-00,austlii:sha256:da947153f4d5e689f80ad71a918ea4a3f11f40db1e03aeff87c30ab5e44beacb,western_australia,Other,classic_austlii,https://classic.austlii.edu.au/au/legis/wa/consol_reg/ltar2003323/,,,,,InForce,text,https://www.legislation.wa.gov.au/legislation/statutes.nsf/law_s15942.html&view=consolidated,https://classic.austlii.edu.au/au/legis/wa/consol_reg/ltar2003323/
100000111,Land Tax Management Act 1956,primary_legislation,fmt:v2|2025-12-03,austlii:sha256:74eeb6a3c002b13ab7536282de0ac8538a8754b4ae8dec57dcd01c81d23a50d9,new_south_wales,land_tax,classic_austlii,https://classic.austlii.edu.au/au/legis/nsw/consol_act/ltma1956173/,,,,,InForce,text,https://legislation.nsw.gov.au/view/html/inforce/current/act-1956-026,https://classic.austlii.edu.au/cgi-bin/download.cgi/cgi-bin/download.cgi/download/au/legis/nsw/consol_act/ltma1956173.txt
100000112,Land Tax Rating Act 2000,primary_legislation,fmt:v4|2024-07-12,austlii:sha256:575220d2263a6896525853b965ce04fd081576263fd51f2bbc4eabd5b7051cad,tasmania,land_tax,classic_austlii,https://classic.austlii.edu.au/au/legis/tas/consol_act/ltra2000153/,,,,,InForce,text,https://www.legislation.tas.gov.au/view/html/inforce/current/act-2000-073,https://classic.austlii.edu.au/cgi-bin/download.cgi/cgi-bin/download.cgi/download/au/legis/tas/consol_act/ltra2000153.txt
100000113,Land Tax Regulations 2021,secondary_legislation,fmt:v4|2021-12-01,austlii:sha256:ba06acd8f170dcdad0a18c9fc66421b260cc21ba3b44d6a5ed4d5f1fe864a9bc,tasmania,land_tax,classic_austlii,https://classic.austlii.edu.au/au/legis/tas/consol_reg/ltr2021199/,,,,,InForce,text,https://www.legislation.tas.gov.au/view/html/inforce/current/sr-2021-096,https://classic.austlii.edu.au/cgi-bin/download.cgi/cgi-bin/download.cgi/download/au/legis/tas/consol_reg/ltr2021199.txt
100000114,Land Tax Regulations 2025,secondary_legislation,"fmt:v2|last_modified:Thu, 11 Dec 2025 23:07:13 GMT",austlii:sha256:a78fd21cee86b2ab2026ae0e663b8b520862732e71e61a2c814086d8e42c9520,south_australia,land_tax,classic_austlii,https://classic.austlii.edu.au/au/legis/sa/consol_reg/ltr2025199/,,,,,InForce,text,https://www.legislation.sa.gov.au/lz?path=/c/r/land%20tax%20regulations%202025,https://classic.austlii.edu.au/cgi-bin/download.cgi/cgi-bin/download.cgi/download/au/legis/sa/consol_reg/ltr2025199.txt
100000115,Legislation Interpretation Act 2021,primary_legislation,fmt:v2|2025-11-19,austlii:sha256:d410f17655d9793fbf5a0b64ec590f5267606c93c55b48e5aba295a1bc4ab6d1,south_australia,Other,classic_austlii,https://classic.austlii.edu.au/au/legis/sa/consol_act/lia2021303/,,,,,InForce,text,https://www.legislation.sa.gov.au/lz?path=/c/a/legislation%20interpretation%20act%202021,https://classic.austlii.edu.au/cgi-bin/download.cgi/cgi-bin/download.cgi/download/au/legis/sa/consol_act/lia2021303.txt
100000116,Loans (Taxation Exemption) Act 1978,primary_legislation,C2004A01959,austlii:sha256:74c3c898788ec06d04988a4573017656ef9ca8a7513b59611fa13dcb79526375,commonwealth,other,classic_austlii,https://classic.austlii.edu.au/au/legis/cth/num_act/lea1978285/,,,,,InForce,text,https://www.legislation.gov.au/C2004A01959/latest/text,https://classic.austlii.edu.au/cgi-bin/download.cgi/cgi-bin/download.cgi/download/au/legis/cth/num_act/lea1978285.txt
100000117,Medicare Levy Act 1986,primary_legislation,C2004A03351,austlii:sha256:02c81530aa4f3b27a819dc72f0cd613be58d4b414d4867f054359d183a7084e9,commonwealth,other,classic_austlii,https://classic.austlii.edu.au/au/legis/cth/consol_act/mla1986131/,,,,,InForce,text,https://www.legislation.gov.au/C2004A03351/latest/text,https://classic.austlii.edu.au/cgi-bin/download.cgi/cgi-bin/download.cgi/download/au/legis/cth/consol_act/mla1986131.txt
100000118,Mining Act 1992,primary_legislation,fmt:v2|2025-07-01,austlii:sha256:f474905716c6efa5cc73a1b24b82146d54e2ac3389a93b0811efaaa353a66d4e,new_south_wales,Other,classic_austlii,https://classic.austlii.edu.au/au/legis/nsw/consol_act/ma199281/,,,,,InForce,text,https://legislation.nsw.gov.au/view/html/inforce/current/act-1992-029,https://classic.austlii.edu.au/cgi-bin/download.cgi/cgi-bin/download.cgi/download/au/legis/nsw/consol_act/ma199281.txt
100000119,Motor Vehicles Taxation Act 1988,primary_legislation,fmt:v2|2021-10-20,austlii:sha256:66edc6276bfc5d78345ae27a66231000f8c927ef4fd27c72fbcc4b840cd49e8b,new_south_wales,Other,classic_austlii,https://classic.austlii.edu.au/au/legis/nsw/consol_act/mvta1988268/,,,,,InForce,text,https://legislation.nsw.gov.au/view/html/inforce/current/act-1988-111,https://classic.austlii.edu.au/cgi-bin/download.cgi/cgi-bin/download.cgi/download/au/legis/nsw/consol_act/mvta1988268.txt
100000120,Motor Vehicles Taxation Regulation 2025,secondary_legislation,fmt:v2|2025-06-27,austlii:sha256:9d527fbe75369d2bbd150e538b81dac919fd5d92732e358ad0ae3d259dfdfecc,new_south_wales,Other,classic_austlii,https://classic.austlii.edu.au/au/legis/nsw/consol_reg/mvtr2025359/,,,,,InForce,text,https://legislation.nsw.gov.au/view/html/inforce/current/sl-2025-0304,https://classic.austlii.edu.au/cgi-bin/download.cgi/cgi-bin/download.cgi/download/au/legis/nsw/consol_reg/mvtr2025359.txt
100000121,National Tax Reform (State Provisions) Act 2000,primary_legislation,fmt:v2|2020-06-30,austlii:sha256:bb0d6524c28d317c1618bae420741c4233a9cb383090411fb4a757ff35542bfd,south_australia,Other,classic_austlii,https://classic.austlii.edu.au/au/legis/sa/consol_act/ntrpa2000416/,,,,,InForce,text,https://www.legislation.sa.gov.au/lz?path=/c/a/national%20tax%20reform%20(state%20provisions)%20act%202000,https://classic.austlii.edu.au/cgi-bin/download.cgi/cgi-bin/download.cgi/download/au/legis/sa/consol_act/ntrpa2000416.txt
100000122,National Taxation Reform (Commonwealth-State Relations) Act 1999,primary_legislation,fmt:v4|2025-09-26,austlii:sha256:ae4e6c70a5bc195ec3ecccfa06aa955a0459a39d8dd243d8b58978b066c0726b,tasmania,Other,classic_austlii,https://classic.austlii.edu.au/au/legis/tas/consol_act/ntrra1999558/,,,,,InForce,text,https://www.legislation.tas.gov.au/view/html/inforce/current/act-1999-084,https://classic.austlii.edu.au/cgi-bin/download.cgi/cgi-bin/download.cgi/download/au/legis/tas/consol_act/ntrra1999558.txt
100000123,National Taxation Reform (Consequential Provisions) Act 2000,primary_legislation,4,austlii:sha256:b1c8622793d239b625cfc6a33b7067552d9745a22ff515d334e32bf301e1ca91,victoria,Other,classic_austlii,https://classic.austlii.edu.au/au/legis/vic/consol_act/ntrpa2000552/,,,,,InForce,text,https://www.legislation.vic.gov.au/in-force/acts/national-taxation-reform-consequential-provisions-act-2000/,https://classic.austlii.edu.au/cgi-bin/download.cgi/cgi-bin/download.cgi/download/au/legis/vic/consol_act/ntrpa2000552.txt
100000124,Offshore Minerals Act 1999,primary_legislation,fmt:v2|2016-03-01,austlii:sha256:a3ecfe7ae7b905775d78ccef5428016e9484dfcb5101ca2c39b46daeee5232d2,new_south_wales,Other,classic_austlii,https://classic.austlii.edu.au/au/legis/nsw/consol_act/oma1999188/,,,,,InForce,text,https://legislation.nsw.gov.au/view/html/inforce/current/act-1999-042,https://classic.austlii.edu.au/cgi-bin/download.cgi/cgi-bin/download.cgi/download/au/legis/nsw/consol_act/oma1999188.txt
100000125,Partnership Act 1891,primary_legislation,sha256:17771b7389f150fc0011b40bafc418186a7d315007685bbd27b58db3359d0679,austlii:sha256:30d47a4adba05f45911344126b153a609d3eb46c7d3c0635ebc17096f21b9046,queensland,Other,classic_austlii,https://classic.austlii.edu.au/au/legis/qld/consol_act/pa1891154/,,,,,InForce,text,https://www.legislation.qld.gov.au/view/html/inforce/current/act-1891-007,https://classic.austlii.edu.au/cgi-bin/download.cgi/cgi-bin/download.cgi/download/au/legis/qld/consol_act/pa1891154.txt
100000126,Partnership Act 1891,primary_legislation,fmt:v4|2022-06-03,austlii:sha256:d1d3a27ae8ef8c4fedb91263ce59f55582fc4f5584fbc0c261c20c95017f8924,tasmania,Other,classic_austlii,https://classic.austlii.edu.au/au/legis/tas/consol_act/pa1891154/,,,,,InForce,text,https://www.legislation.tas.gov.au/view/html/inforce/current/act-1891-003,https://classic.austlii.edu.au/cgi-bin/download.cgi/cgi-bin/download.cgi/download/au/legis/tas/consol_act/pa1891154.txt
100000127,Partnership Act 1892,primary_legislation,fmt:v2|2023-01-13,austlii:sha256:259a80b4caca9853025b81a65734e955bdb801854def89475560cbcea51e4816,new_south_wales,Other,classic_austlii,https://classic.austlii.edu.au/au/legis/nsw/consol_act/pa1892154/,,,,,InForce,text,https://legislation.nsw.gov.au/view/html/inforce/current/act-1892-012,https://classic.austlii.edu.au/cgi-bin/download.cgi/cgi-bin/download.cgi/download/au/legis/nsw/consol_act/pa1892154.txt
100000128,Partnership Act 1895,primary_legislation,fmt:v2|currency_start:2017-02-01|suffix:05-f0-01,austlii:sha256:0e63f5d1998b7b3ee44e0459e33b6246e5d5caabc914d6c39c9616f41770c696,western_australia,Other,classic_austlii,https://classic.austlii.edu.au/au/legis/wa/consol_act/p84a1895135/,,,,,InForce,text,https://www.legislation.wa.gov.au/legislation/statutes.nsf/law_a577.html&view=consolidated,https://classic.austlii.edu.au/cgi-bin/download.cgi/cgi-bin/download.cgi/download/au/legis/wa/consol_act/p84a1895135.txt
100000129,Partnership Act 1958,primary_legislation,84,austlii:sha256:65190a7802f310001857a67e9922a1f750f2bd0568fe6550824de5a7d63245f2,victoria,Other,classic_austlii,https://classic.austlii.edu.au/au/legis/vic/consol_act/p84a1958135/,,,,,InForce,text,https://www.legislation.vic.gov.au/in-force/acts/partnership-act-1958/,https://classic.austlii.edu.au/cgi-bin/download.cgi/cgi-bin/download.cgi/download/au/legis/vic/consol_act/p84a1958135.txt
100000130,Partnership Act 1963,primary_legislation,R11|2025-11-26,austlii:sha256:b09b49843c40f47dca16ddf5c8ce08ee3e6564ec1d87a1e6da91ea3b4ebd577f,australian_capital_territory,other,classic_austlii,https://classic.austlii.edu.au/au/legis/act/consol_act/pa1963154/,,,,,InForce,text,https://www.legislation.act.gov.au/a/1963-5/,https://classic.austlii.edu.au/cgi-bin/download.cgi/cgi-bin/download.cgi/download/au/legis/act/consol_act/pa1963154.txt
100000131,Partnership Act 1997,primary_legislation,reprint:REPP066,austlii:sha256:3ce82f36eab5205e821c4784b172352e51195af90e2fbe3e7b790210a5d84cdf,northern_territory,Other,classic_austlii,https://classic.austlii.edu.au/au/legis/nt/consol_act/p84a1997135/,,,,,InForce,text,https://legislation.nt.gov.au/en/Legislation/PARTNERSHIP-ACT-1997,https://classic.austlii.edu.au/cgi-bin/download.cgi/cgi-bin/download.cgi/download/au/legis/nt/consol_act/p84a1997135.txt
100000132,Payroll Tax Act 1971,primary_legislation,sha256:026fee5a3e00abb94b23911c5cedbae43bcc56da2421ef4b30b69d8ef762126c,austlii:sha256:bf58ecd0623e148077b98b2d208d6be9355b55558218c29bbe5663464d9cde13,queensland,payroll_tax,classic_austlii,https://classic.austlii.edu.au/au/legis/qld/consol_act/pta1971155/,,,,,InForce,text,https://www.legislation.qld.gov.au/view/html/inforce/current/act-1971-037,https://classic.austlii.edu.au/cgi-bin/download.cgi/cgi-bin/download.cgi/download/au/legis/qld/consol_act/pta1971155.txt
100000133,Pay-roll Tax Act 2002,primary_legislation,fmt:v2|currency_start:2017-12-14|suffix:00-d0-02,austlii:sha256:2dd0842eb942f1128cdc97d597bbfa82aee14995563d74fc05ebb40dd0502ac9,western_australia,payroll_tax,classic_austlii,https://classic.austlii.edu.au/au/legis/wa/consol_act/pta2002155/,,,,,InForce,text,https://www.legislation.wa.gov.au/legislation/statutes.nsf/law_a6336.html&view=consolidated,https://classic.austlii.edu.au/cgi-bin/download.cgi/cgi-bin/download.cgi/download/au/legis/wa/consol_act/pta2002155.txt
100000134,Payroll Tax Act 2007,primary_legislation,fmt:v2|2025-08-15,austlii:sha256:6a2b8b0213763e589e1bbc3e5c3136b23dd04b4a14763a39c66e5053dd1ae4da,new_south_wales,payroll_tax,classic_austlii,https://classic.austlii.edu.au/au/legis/nsw/consol_act/pta2007155/,,,,,InForce,text,https://legislation.nsw.gov.au/view/html/inforce/current/act-2007-021,https://classic.austlii.edu.au/cgi-bin/download.cgi/cgi-bin/download.cgi/download/au/legis/nsw/consol_act/pta2007155.txt
100000135,Payroll Tax Act 2007,primary_legislation,40,austlii:sha256:e5e25ab8d1b044bbde19807f29c5fdf6d728c7bdd20e687aa565dbfdd8d0f4ef,victoria,payroll_tax,classic_austlii,https://classic.austlii.edu.au/au/legis/vic/consol_act/pta2007155/,,,,,InForce,text,https://www.legislation.vic.gov.au/in-force/acts/payroll-tax-act-2007,https://classic.austlii.edu.au/cgi-bin/download.cgi/cgi-bin/download.cgi/download/au/legis/vic/consol_act/pta2007155.txt
100000136,Payroll Tax Act 2008,primary_legislation,fmt:v4|2025-03-19,austlii:sha256:713ef6005e7327fccc244597e7f16f3a0c3a174a1d4eb964f78a40e0df4ccdb6,tasmania,payroll_tax,classic_austlii,https://classic.austlii.edu.au/au/legis/tas/consol_act/pta2008155/,,,,,InForce,text,https://www.legislation.tas.gov.au/view/html/inforce/current/act-2008-016,https://classic.austlii.edu.au/cgi-bin/download.cgi/cgi-bin/download.cgi/download/au/legis/tas/consol_act/pta2008155.txt
100000137,Payroll Tax Act 2009,primary_legislation,reprint:REPP090,austlii:sha256:1af489cff796a24795a74187e2b97ac0856e6ea9ffb033eb35f38c8d1a87494a,northern_territory,payroll_tax,classic_austlii,https://classic.austlii.edu.au/au/legis/nt/consol_act/pta2009155/,,,,,InForce,text,https://legislation.nt.gov.au/en/Legislation/PAYROLL-TAX-ACT-2009,https://classic.austlii.edu.au/cgi-bin/download.cgi/cgi-bin/download.cgi/download/au/legis/nt/consol_act/pta2009155.txt
100000138,Payroll Tax Act 2011,primary_legislation,R20|2025-12-26,austlii:sha256:a68dfcbbdf0ce6cc77c354722b6b6a3f08a346abc595e42faf2b3e8e97a9c4f9,australian_capital_territory,payroll_tax,classic_austlii,https://classic.austlii.edu.au/au/legis/act/consol_act/pta2011155/,,,,,InForce,text,https://www.legislation.act.gov.au/a/2011-18/,https://classic.austlii.edu.au/cgi-bin/download.cgi/cgi-bin/download.cgi/download/au/legis/act/consol_act/pta2011155.txt
100000139,Pay-Roll Tax Assessment Act 2002,primary_legislation,fmt:v2|currency_start:2019-07-01|suffix:04-d0-03,austlii:sha256:0abf5f5798811d1ff29d82867d580fb2c0dc6ffd2d1b263c4647e3fda2528b73,western_australia,payroll_tax,classic_austlii,https://classic.austlii.edu.au/au/legis/wa/consol_act/ptaa2002279/,,,,,InForce,text,https://www.legislation.wa.gov.au/legislation/statutes.nsf/law_a6335.html&view=consolidated,https://classic.austlii.edu.au/cgi-bin/download.cgi/cgi-bin/download.cgi/download/au/legis/wa/consol_act/ptaa2002279.txt
100000140,Pay-roll Tax Assessment Regulations 2003,secondary_legislation,fmt:v2|currency_start:2022-07-01|suffix:03-j0-00,austlii:sha256:dac398d82876435708c1a592ae7720ce884e87b48fceaf79d22152efaf2c11c9,western_australia,payroll_tax,classic_austlii,https://classic.austlii.edu.au/au/legis/wa/consol_reg/ptar2003388/,,,,,InForce,text,https://www.legislation.wa.gov.au/legislation/statutes.nsf/law_s15941.html&view=consolidated,https://classic.austlii.edu.au/au/legis/wa/consol_reg/ptar2003388/
100000141,Payroll Tax Regulation 2019,secondary_legislation,sha256:52429c4b172b94dd15eca77efdf958da3963b45f409e153fc80e982051c02b5c,austlii:sha256:a02c1572ee49f4874d2d996193fbdaa4b7eb5caedd74bebe9922e3e3669408a2,queensland,payroll_tax,classic_austlii,https://classic.austlii.edu.au/au/legis/qld/consol_reg/ptr2019246/,,,,,InForce,text,https://www.legislation.qld.gov.au/view/html/inforce/current/sl-2019-0147,https://classic.austlii.edu.au/cgi-bin/download.cgi/cgi-bin/download.cgi/download/au/legis/qld/consol_reg/ptr2019246.txt
100000142,Payroll Tax Regulations 2025,secondary_legislation,"fmt:v2|last_modified:Thu, 11 Dec 2025 23:07:13 GMT",austlii:sha256:0d54e731d1c9aa0294ed5c4bf4ce4fca872c40cad36c269b02924212d49fea84,south_australia,payroll_tax,classic_austlii,https://classic.austlii.edu.au/au/legis/sa/consol_reg/ptr2025264/,,,,,InForce,text,https://www.legislation.sa.gov.au/lz?path=/c/r/payroll%20tax%20regulations%202025,https://classic.austlii.edu.au/cgi-bin/download.cgi/cgi-bin/download.cgi/download/au/legis/sa/consol_reg/ptr2025264.txt
100000143,Perpetuities Act 1984,primary_legislation,fmt:v2|1984-10-31,austlii:sha256:0d899c7959ae5ed6f172c4eda23fa461ab38c9fba66e2c08f543652f4c8f9c58,new_south_wales,Other,classic_austlii,https://classic.austlii.edu.au/au/legis/nsw/consol_act/pa1984172/,,,,,InForce,text,https://legislation.nsw.gov.au/view/html/inforce/current/act-1984-043,https://classic.austlii.edu.au/cgi-bin/download.cgi/cgi-bin/download.cgi/download/au/legis/nsw/consol_act/pa1984172.txt
100000144,Perpetuities and Accumulations Act 1968,primary_legislation,23,austlii:sha256:391529fb0388b1e29bdaee2771d98bcdd839068269b5aa5c5c56a1c0c40dba5c,victoria,Other,classic_austlii,https://classic.austlii.edu.au/au/legis/vic/consol_act/paaa1968327/,,,,,InForce,text,https://www.legislation.vic.gov.au/in-force/acts/perpetuities-and-accumulations-act-1968/,https://classic.austlii.edu.au/cgi-bin/download.cgi/cgi-bin/download.cgi/download/au/legis/vic/consol_act/paaa1968327.txt
100000145,Perpetuities and Accumulations Act 1985,primary_legislation,R7|2017-05-01,austlii:sha256:d09d1525cff66fb2b38f35cc8eb628628fb312509d10a3cfea377af5aad7e9f1,australian_capital_territory,other,classic_austlii,https://classic.austlii.edu.au/au/legis/act/consol_act/paaa1985327/,,,,,InForce,text,https://www.legislation.act.gov.au/a/1985-65/,https://classic.austlii.edu.au/cgi-bin/download.cgi/cgi-bin/download.cgi/download/au/legis/act/consol_act/paaa1985327.txt
100000146,Perpetuities and Accumulations Act 1992,primary_legislation,fmt:v4|2022-06-03,austlii:sha256:07143d4af8b9773cb5941430afb0ad7b4efbd791168426c0c654a9c5e3b75dc4,tasmania,Other,classic_austlii,https://classic.austlii.edu.au/au/legis/tas/consol_act/paaa1992327/,,,,,InForce,text,https://www.legislation.tas.gov.au/view/html/inforce/current/act-1992-023,https://classic.austlii.edu.au/cgi-bin/download.cgi/cgi-bin/download.cgi/download/au/legis/tas/consol_act/paaa1992327.txt
100000147,Petroleum Resource Rent Tax (Interest on Underpayments) Act 1987,primary_legislation,C2004A03553,austlii:sha256:9432fc5257ef1ec51b844f6c04644f97b21045718f92fc3d46edf33e8dad9b9b,commonwealth,federal_tax,classic_austlii,https://classic.austlii.edu.au/au/legis/cth/num_act/prrtoua1987619/,,,,,InForce,text,https://www.legislation.gov.au/C2004A03553/latest/text,https://classic.austlii.edu.au/cgi-bin/download.cgi/cgi-bin/download.cgi/download/au/legis/cth/num_act/prrtoua1987619.txt
100000148,Petroleum Resource Rent Tax Assessment Act 1987,primary_legislation,C2004A03551,austlii:sha256:da3796b0bdb12618521a7538f346d8d00d29b93132b6f5d4f408b078a5691922,commonwealth,federal_tax,classic_austlii,https://classic.austlii.edu.au/au/legis/cth/consol_act/prrtaa1987452/,,,,,InForce,text,https://www.legislation.gov.au/C2004A03551/latest/text,https://classic.austlii.edu.au/cgi-bin/download.cgi/cgi-bin/download.cgi/download/au/legis/cth/consol_act/prrtaa1987452.txt
100000149,Privacy Act 1988,primary_legislation,C2004A03712,austlii:sha256:3c5c673c80127f5d591fbcf8981567fd0305b57d286808640ff452320aec330c,commonwealth,other,classic_austlii,https://classic.austlii.edu.au/au/legis/cth/num_act/pa1988108/,,,,,InForce,text,https://www.legislation.gov.au/C2004A03712/latest/text,https://classic.austlii.edu.au/cgi-bin/download.cgi/cgi-bin/download.cgi/download/au/legis/cth/num_act/pa1988108.txt
100000150,Private Health Insurance Act 2007,primary_legislation,C2007A00031,austlii:sha256:4f4c9982a8ee4993484abac4da25159e4a174d1cdb48dfc17bf6acb4a8e49080,commonwealth,other,classic_austlii,https://classic.austlii.edu.au/au/legis/cth/consol_act/phia2007248/,,,,,InForce,text,https://www.legislation.gov.au/C2007A00031/latest/text,https://classic.austlii.edu.au/cgi-bin/download.cgi/cgi-bin/download.cgi/download/au/legis/cth/consol_act/phia2007248.txt
100000151,Property Law Act 1969,primary_legislation,fmt:v2|currency_start:2025-12-18|suffix:04-k0-00,austlii:sha256:7ce38068b1d8693627a5ebc1b8f6a9f9e2223f8057e5821a88afff5152c608be,western_australia,Other,classic_austlii,https://classic.austlii.edu.au/au/legis/wa/consol_act/pla1969179/,,,,,InForce,text,https://www.legislation.wa.gov.au/legislation/statutes.nsf/law_a636.html&view=consolidated,https://classic.austlii.edu.au/cgi-bin/download.cgi/cgi-bin/download.cgi/download/au/legis/wa/consol_act/pla1969179.txt
100000152,Property Law Act 2023,primary_legislation,sha256:0d2e346a65461a030497b666b6b4759d6a604817af166c99575f6fc2a9975648,austlii:sha256:51e810209f4de436272db676811b49fddfdca497fa7ed75623485438a292ec8a,queensland,Other,classic_austlii,https://classic.austlii.edu.au/au/legis/qld/consol_act/pla2023179/,,,,,InForce,text,https://www.legislation.qld.gov.au/view/html/inforce/current/act-2023-027,https://classic.austlii.edu.au/cgi-bin/download.cgi/cgi-bin/download.cgi/download/au/legis/qld/consol_act/pla2023179.txt
100000153,"Recreation Grounds Rates and Taxes Exemption Act, 1981",primary_legislation,"fmt:v2|last_modified:Thu, 11 Dec 2025 23:07:13 GMT",austlii:sha256:c2d2075a2d7d0fe1e2e7aea39774172572d92ec603daf0f508580deb006c5467,south_australia,Other,classic_austlii,https://classic.austlii.edu.au/au/legis/sa/consol_act/rgratea1981460/,,,,,InForce,text,https://www.legislation.sa.gov.au/lz?path=/c/a/recreation%20grounds%20rates%20and%20taxes%20exemption%20act%201981,https://classic.austlii.edu.au/cgi-bin/download.cgi/cgi-bin/download.cgi/download/au/legis/sa/consol_act/rgratea1981460.txt
100000154,Stamp Duties Regulations 2013,secondary_legislation,"fmt:v2|last_modified:Thu, 11 Dec 2025 23:07:13 GMT",austlii:sha256:9f51b31bcc4e238fcdd1a358bbc6d11ea777c37378b00031d2322b61a90794a8,south_australia,duties,classic_austlii,https://classic.austlii.edu.au/au/legis/sa/consol_reg/sdr2013266/,,,,,InForce,text,https://www.legislation.sa.gov.au/lz?path=/c/r/stamp%20duties%20regulations%202013,https://classic.austlii.edu.au/cgi-bin/download.cgi/cgi-bin/download.cgi/download/au/legis/sa/consol_reg/sdr2013266.txt
100000155,Stamp Duty Act,primary_legislation,reprint:REPS013,austlii:sha256:ca0d5efae5fa6a9514aaeef1b27a4f414886609a54e12e412c7c6c0eb0f1c9a2,northern_territory,duties,classic_austlii,https://classic.austlii.edu.au/au/legis/nt/consol_act/sda1978151/,,,,,InForce,text,https://legislation.nt.gov.au/Legislation/STAMP-DUTY-ACT-1978,https://classic.austlii.edu.au/cgi-bin/download.cgi/cgi-bin/download.cgi/download/au/legis/nt/consol_act/sda1978151.txt
100000156,Superannuation (Self Managed Superannuation Funds) Taxation Act 1987,primary_legislation,C2004A03506,austlii:sha256:823f82c4811dd5ec03b9b3dece484f8015f8d811006dfb3ef0d642d72c8c89cf,commonwealth,superannuation,classic_austlii,https://classic.austlii.edu.au/au/legis/cth/consol_act/smsfta1987600/,,,,,InForce,text,https://www.legislation.gov.au/C2004A03506/latest/text,https://classic.austlii.edu.au/cgi-bin/download.cgi/cgi-bin/download.cgi/download/au/legis/cth/consol_act/smsfta1987600.txt
100000157,Superannuation Contributions Tax (Assessment and Collection) Act 1997,primary_legislation,C2004A05168,austlii:sha256:a0082acaff89d61d3b161d94a25f4234c14183e3ca1e4ceb4ccdae6fb47f99f4,commonwealth,superannuation,classic_austlii,https://classic.austlii.edu.au/au/legis/cth/consol_act/sctaca1997641/,,,,,InForce,text,https://www.legislation.gov.au/C2004A05168/latest/text,https://classic.austlii.edu.au/cgi-bin/download.cgi/cgi-bin/download.cgi/download/au/legis/cth/consol_act/sctaca1997641.txt
100000158,Superannuation Contributions Tax (Members of constitutionally Protected Superannuation Funds) Assessment and Collection Act 1997,primary_legislation,C2004A05279,austlii:sha256:2e6eee2422c28460e4519cd633d2cf27d914747e2065340d32577eae8d560572,commonwealth,superannuation,classic_austlii,https://classic.austlii.edu.au/au/legis/cth/consol_act/sctocpsfaaca19971271/,,,,,InForce,text,https://www.legislation.gov.au/C2004A05279/latest/text,https://classic.austlii.edu.au/cgi-bin/download.cgi/cgi-bin/download.cgi/download/au/legis/cth/consol_act/sctocpsfaaca19971271.txt
100000159,Superannuation Contributions Tax (Members of Constitutionally Protected Superannuation Funds) Imposition Act 1997,primary_legislation,C2004A05278,austlii:sha256:614fa17631a4e3c55095045a19dc65ccbfecc134959c802020e779e26427452d,commonwealth,superannuation,classic_austlii,https://classic.austlii.edu.au/au/legis/cth/consol_act/sctocpsfia19971162/,,,,,InForce,text,https://www.legislation.gov.au/C2004A05278/latest/text,https://classic.austlii.edu.au/cgi-bin/download.cgi/cgi-bin/download.cgi/download/au/legis/cth/consol_act/sctocpsfia19971162.txt
100000160,Superannuation Contributions Tax Imposition Act 1997,primary_legislation,C2004A05170,austlii:sha256:4df246f0ad03e130e4249bfbd8324bbe348171c79350f7f614f45f7d1ce969e6,commonwealth,superannuation,classic_austlii,https://classic.austlii.edu.au/au/legis/cth/consol_act/sctia1997532/,,,,,InForce,text,https://www.legislation.gov.au/C2004A05170/latest/text,https://classic.austlii.edu.au/cgi-bin/download.cgi/cgi-bin/download.cgi/download/au/legis/cth/consol_act/sctia1997532.txt
100000161,Tax Agent Services Act 2009,primary_legislation,C2009A00013,austlii:sha256:91278fb4f7411e78de76dc86f8786ebfa46e37f29e37ff7846fbb0166257d3f0,commonwealth,other,classic_austlii,https://classic.austlii.edu.au/au/legis/cth/consol_act/tasa2009197/,,,,,InForce,text,https://www.legislation.gov.au/C2009A00013/latest/text,https://classic.austlii.edu.au/cgi-bin/download.cgi/cgi-bin/download.cgi/download/au/legis/cth/consol_act/tasa2009197.txt
100000162,Taxation (Government Business Enterprises) Act 2003,primary_legislation,R3|2025-11-26,austlii:sha256:be67386978566cdb5800ea5a304a2935a65013cdd837bae0f66a2e59d969955e,australian_capital_territory,other,classic_austlii,https://classic.austlii.edu.au/au/legis/act/consol_act/tbea2003477/,,,,,InForce,text,https://www.legislation.act.gov.au/a/2003-12/,https://classic.austlii.edu.au/cgi-bin/download.cgi/cgi-bin/download.cgi/download/au/legis/act/consol_act/tbea2003477.txt
100000163,Taxation (Government Business Enterprises) Regulation 2003,secondary_legislation,R24|2021-03-30,austlii:sha256:924c9f40e36d6e05b1cda9ab8d3c3876511483aee4ac7a8e7ca70b4a22d8a3e0,australian_capital_territory,other,classic_austlii,https://classic.austlii.edu.au/au/legis/act/num_reg/tber200310o2003632/,,,,,InForce,text,https://www.legislation.act.gov.au/sl/2003-10/,https://classic.austlii.edu.au/cgi-bin/download.cgi/cgi-bin/download.cgi/download/au/legis/act/num_reg/tber200310o2003632.txt
100000164,Taxation (Interest on Overpayments and Early Payments) Act 1983,primary_legislation,C2004A02729,austlii:sha256:9a372936f09aa8cc41d31a384fd5de8c3261dbb1204e5b6c6d3d12b0b0a7b7bd,commonwealth,federal_tax,classic_austlii,https://classic.austlii.edu.au/au/legis/cth/consol_act/tooaepa1983584/,,,,,InForce,text,https://www.legislation.gov.au/C2004A02729/latest/text,https://classic.austlii.edu.au/cgi-bin/download.cgi/cgi-bin/download.cgi/download/au/legis/cth/consol_act/tooaepa1983584.txt
100000165,Taxation Administration Act 1953,primary_legislation,C1953A00001,austlii:sha256:6bf1752bcc77263a050f9fc14802222ebf67c3c86b55f1d789e72837b926f71e,commonwealth,federal_tax,classic_austlii,https://classic.austlii.edu.au/au/legis/cth/consol_act/taa1953269/,,,,,InForce,text,https://www.legislation.gov.au/C1953A00001/latest/text,https://classic.austlii.edu.au/cgi-bin/download.cgi/cgi-bin/download.cgi/download/au/legis/cth/consol_act/taa1953269.txt
100000166,Taxation Administration Act 1996,primary_legislation,fmt:v2|2024-12-02,austlii:sha256:7d6b9f0f15466fca32c838256c21764bb321a91f1a016a20898716c9e181f4a5,new_south_wales,Other,classic_austlii,https://classic.austlii.edu.au/au/legis/nsw/consol_act/taa1996269/,,,,,InForce,text,https://legislation.nsw.gov.au/view/html/inforce/current/act-1996-097,https://classic.austlii.edu.au/cgi-bin/download.cgi/cgi-bin/download.cgi/download/au/legis/nsw/consol_act/taa1996269.txt
100000167,Taxation Administration Act 1996,primary_legislation,fmt:v2|2025-12-03,austlii:sha256:2302dfab12e0ae517fd389fcdbb2e59a804cbd96ef6a6e775522ce612a6a1094,south_australia,Other,classic_austlii,https://classic.austlii.edu.au/au/legis/sa/consol_act/taa1996269/,,,,,InForce,text,https://www.legislation.sa.gov.au/lz?path=/c/a/taxation%20administration%20act%201996,https://classic.austlii.edu.au/cgi-bin/download.cgi/cgi-bin/download.cgi/download/au/legis/sa/consol_act/taa1996269.txt
100000168,Taxation Administration Act 1997,primary_legislation,fmt:v4|2021-08-31,austlii:sha256:b6f34d30f69a387649bc0357d49bf24977814ea813f1376815575ccd4a38a4f4,tasmania,Other,classic_austlii,https://classic.austlii.edu.au/au/legis/tas/consol_act/taa1997269/,,,,,InForce,text,https://www.legislation.tas.gov.au/view/whole/html/inforce/current/act-1997-074,https://classic.austlii.edu.au/cgi-bin/download.cgi/cgi-bin/download.cgi/download/au/legis/tas/consol_act/taa1997269.txt
100000169,Taxation Administration Act 1997,primary_legislation,92,austlii:sha256:d50010f101f97b78f2fb64e7c3139f60accf99df3a7b2e8fbe7f96e043b5c920,victoria,Other,classic_austlii,https://classic.austlii.edu.au/au/legis/vic/consol_act/taa1997269/,,,,,InForce,text,https://www.legislation.vic.gov.au/in-force/acts/taxation-administration-act-1997/,https://classic.austlii.edu.au/cgi-bin/download.cgi/cgi-bin/download.cgi/download/au/legis/vic/consol_act/taa1997269.txt
100000170,Taxation Administration Act 1999,primary_legislation,R52|2025-11-26,austlii:sha256:70aa98e82cc4155f0414ee957873b7aea921eb475f6c9d5c49a07986c8b0de83,australian_capital_territory,other,classic_austlii,https://classic.austlii.edu.au/au/legis/act/consol_act/taa1999269/,,,,,InForce,text,https://www.legislation.act.gov.au/a/1999-4/,https://classic.austlii.edu.au/cgi-bin/download.cgi/cgi-bin/download.cgi/download/au/legis/act/consol_act/taa1999269.txt
100000171,Taxation Administration Act 2003,primary_legislation,fmt:v2|currency_start:2025-09-01|suffix:05-o0-00,austlii:sha256:f636c65743a28c6953993da9f9e8ecd0d22c4b6297d920a3c620358a16775a94,western_australia,Other,classic_austlii,https://classic.austlii.edu.au/au/legis/wa/consol_act/taa2003269/,,,,,InForce,text,https://www.legislation.wa.gov.au/legislation/statutes.nsf/law_a6343.html&view=consolidated,https://classic.austlii.edu.au/cgi-bin/download.cgi/cgi-bin/download.cgi/download/au/legis/wa/consol_act/taa2003269.txt
100000172,Taxation Administration Act 2007,primary_legislation,reprint:REPT039,austlii:sha256:3c047cac55c0606f44a13652575191b1f26973405cb78468087153079a00c945,northern_territory,Other,classic_austlii,https://classic.austlii.edu.au/au/legis/nt/consol_act/taa2007269/,,,,,InForce,text,https://legislation.nt.gov.au/Legislation/TAXATION-ADMINISTRATION-ACT-2007,https://classic.austlii.edu.au/cgi-bin/download.cgi/cgi-bin/download.cgi/download/au/legis/nt/consol_act/taa2007269.txt
100000173,Taxation Administration Regulations 2017,secondary_legislation,F2017L01227,austlii:sha256:2133c3450f0e4d24e53234ef992c90dc5091591424b1ace30bc8e78eb91ec5bb,commonwealth,federal_tax,classic_austlii,https://classic.austlii.edu.au/au/legis/cth/consol_reg/tar2017378/,,,,,InForce,text,https://www.legislation.gov.au/F2017L01227/latest/text,https://classic.austlii.edu.au/cgi-bin/download.cgi/cgi-bin/download.cgi/download/au/legis/cth/consol_reg/tar2017378.txt
100000174,Taxation Administration Regulations 2017,secondary_legislation,1,austlii:sha256:06b0eac6b2dceb0558f3cedbbce1dc9f2bc75e21a8aeef08bfcb43abe104ed4c,victoria,Other,classic_austlii,https://classic.austlii.edu.au/au/legis/vic/consol_reg/tar2017378/,,,,,InForce,text,https://www.legislation.vic.gov.au/in-force/statutory-rules/taxation-administration-regulations-2017/,https://classic.austlii.edu.au/cgi-bin/download.cgi/cgi-bin/download.cgi/download/au/legis/vic/consol_reg/tar2017378.txt
100000175,Taxation Adminstration Act 2001,primary_legislation,sha256:7ba32268be20699d09f924b9de0a8053b6693283d668a7fe3f0d4fc4abd9509a,austlii:sha256:8a81f6e7edc56bd9fa60dd9f49b65df4f6e52076694e76456f181197fd5f5c03,queensland,Other,classic_austlii,https://classic.austlii.edu.au/au/legis/qld/consol_act/taa2001269/,,,,,InForce,text,https://www.legislation.qld.gov.au/view/html/inforce/current/act-2001-072,https://classic.austlii.edu.au/cgi-bin/download.cgi/cgi-bin/download.cgi/download/au/legis/qld/consol_act/taa2001269.txt
100000176,Taxation Adminstration Regulation 2022,secondary_legislation,sha256:41f5efe02e6f0ad3b0c19d008ed4e4b705840f31a7fea7fddaf320792a5eea6a,austlii:sha256:4bc82f010661c29477c963450996e01b9d4a27def2526cfda0a2043f0ea08e26,queensland,Other,classic_austlii,https://classic.austlii.edu.au/au/legis/qld/consol_reg/tar2022360/,,,,,InForce,text,https://www.legislation.qld.gov.au/view/html/inforce/current/sl-2022-0108,https://classic.austlii.edu.au/cgi-bin/download.cgi/cgi-bin/download.cgi/download/au/legis/qld/consol_reg/tar2022360.txt
100000177,Territory Superannuation Provision Protection Act 2000,primary_legislation,R5|2019-11-14,austlii:sha256:1496e48f6e6f9a0e88c97c9f2f7605f9e1a81dfe20315f286f3eefb1623d8f93,australian_capital_territory,other,classic_austlii,https://classic.austlii.edu.au/au/legis/act/consol_act/tsppa2000587/,,,,,InForce,text,https://www.legislation.act.gov.au/a/2000-21/,https://classic.austlii.edu.au/cgi-bin/download.cgi/cgi-bin/download.cgi/download/au/legis/act/consol_act/tsppa2000587.txt
100000178,Trust Recoupment Tax Act 1985,primary_legislation,C2004A03042,austlii:sha256:54531d96a73e4094ce1c5c201c07b4f86bc9bb64ebc96f295dd7b5f09d6395a2,commonwealth,other,classic_austlii,https://classic.austlii.edu.au/au/legis/cth/consol_act/trta1985276/,,,,,InForce,text,https://www.legislation.gov.au/C2004A03042/latest/text,https://classic.austlii.edu.au/cgi-bin/download.cgi/cgi-bin/download.cgi/download/au/legis/cth/consol_act/trta1985276.txt
100000179,Trust Recoupment Tax Assessment Act 1985,primary_legislation,C2004A03048,austlii:sha256:1ae11167fbfa229a3d49bdf8198b0ac0fc80c9166bb8e2148736167afaf1d035,commonwealth,other,classic_austlii,https://classic.austlii.edu.au/au/legis/cth/consol_act/trtaa1985400/,,,,,InForce,text,https://www.legislation.gov.au/C2004A03048/latest/text,https://classic.austlii.edu.au/cgi-bin/download.cgi/cgi-bin/download.cgi/download/au/legis/cth/consol_act/trtaa1985400.txt
100000180,Trustee Act 1893,primary_legislation,reprint:REPT013,austlii:sha256:e9335b4dcfc0a97eea082fb16606a2f9fc08467a5ba4e3c3177d57fe97de4755,northern_territory,Other,classic_austlii,https://classic.austlii.edu.au/au/legis/nt/consol_act/ta1893asciooadtbfbtg671/,,,,,InForce,text,https://legislation.nt.gov.au/en/Legislation/TRUSTEE-ACT-1893,https://classic.austlii.edu.au/cgi-bin/download.cgi/cgi-bin/download.cgi/download/au/legis/nt/consol_act/ta1893asciooadtbfbtg671.txt
100000181,Trustee Act 1898,primary_legislation,fmt:v4|2024-07-18,austlii:sha256:c3becb98e6fb73d712368abbcec46b024cb3757f3f2efb47d777f95fa51c1e1b,tasmania,Other,classic_austlii,https://classic.austlii.edu.au/au/legis/tas/consol_act/ta1898122/,,,,,InForce,text,https://www.legislation.tas.gov.au/view/html/inforce/current/act-1898-034,https://classic.austlii.edu.au/cgi-bin/download.cgi/cgi-bin/download.cgi/download/au/legis/tas/consol_act/ta1898122.txt
100000182,Trustee Act 1925,primary_legislation,R22|2023-12-12,austlii:sha256:8f94a95c9ed0fa085b67858e78d0786415c3eaf052858aa0ed50127b2bf03fc9,australian_capital_territory,other,classic_austlii,https://classic.austlii.edu.au/au/legis/act/consol_act/ta1925122/,,,,,InForce,text,https://www.legislation.act.gov.au/a/1925-14/,https://classic.austlii.edu.au/cgi-bin/download.cgi/cgi-bin/download.cgi/download/au/legis/act/consol_act/ta1925122.txt
100000183,Trustee Act 1925,primary_legislation,fmt:v2|2020-09-28,austlii:sha256:0cc2d173f4ad8e7c961f61bcc616de9b9c7a2610f7a3b1bd20155b776755e55a,new_south_wales,Other,classic_austlii,https://classic.austlii.edu.au/au/legis/nsw/consol_act/ta1925122/,,,,,InForce,text,https://legislation.nsw.gov.au/view/html/inforce/current/act-1925-014,https://classic.austlii.edu.au/cgi-bin/download.cgi/cgi-bin/download.cgi/download/au/legis/nsw/consol_act/ta1925122.txt
100000184,Trustee Act 1936,primary_legislation,fmt:v2|2024-12-31,sha256:734329f2b348fe7519014d5fbdb10632b1da6cfc4a7b6cfb4ea709c6e7cf3376,south_australia,Other,classic_austlii,https://classic.austlii.edu.au/au/legis/sa/consol_act/ta1936122/,,,,,InForce,text,https://www.legislation.sa.gov.au/lz?path=/c/a/trustee%20act%201936,https://www.legislation.sa.gov.au/lz?path=/c/a/trustee%20act%201936
100000185,Trustee Act 1958,primary_legislation,127,austlii:sha256:0662745fe538e056e3a4de096efb04cfd98dd5a63ce44aaf2c12412b2ef24fbd,victoria,Other,classic_austlii,https://classic.austlii.edu.au/au/legis/vic/consol_act/ta1958122/,,,,,InForce,text,https://www.legislation.vic.gov.au/in-force/acts/trustee-act-1958/,https://classic.austlii.edu.au/cgi-bin/download.cgi/cgi-bin/download.cgi/download/au/legis/vic/consol_act/ta1958122.txt
100000186,Trustee Companies Act 1947,primary_legislation,R14|2015-10-14,sha256:646a03686796a5d299e5a566801d460160d153568a9eab11a2265a5b5b26a989,australian_capital_territory,other,classic_austlii,https://classic.austlii.edu.au/au/legis/act/consol_act/tca1947208/,,,,,InForce,text,https://www.legislation.act.gov.au/a/1947-15/,https://www.legislation.act.gov.au/a/1947-15/
100000187,Trustee Companies Act 1953,primary_legislation,fmt:v4|2018-12-10,austlii:sha256:d09877faeba8929a49f34d2c634da148d1ef24dc659acd9da891266178b0c7d8,tasmania,Other,classic_austlii,https://classic.austlii.edu.au/au/legis/tas/consol_act/tca1953208/,,,,,InForce,text,https://www.legislation.tas.gov.au/view/html/inforce/current/act-1953-072,https://classic.austlii.edu.au/cgi-bin/download.cgi/cgi-bin/download.cgi/download/au/legis/tas/consol_act/tca1953208.txt
100000188,Trustee Companies Act 1964,primary_legislation,fmt:v2|2012-07-06,austlii:sha256:2e589ce6116a68c9367666a0d328db8802644af6d45a51c6b0bbdf5c86984652,new_south_wales,Other,classic_austlii,https://classic.austlii.edu.au/au/legis/nsw/consol_act/tca1964208/,,,,,InForce,text,https://legislation.nsw.gov.au/view/html/inforce/current/act-1964-006,https://classic.austlii.edu.au/cgi-bin/download.cgi/cgi-bin/download.cgi/download/au/legis/nsw/consol_act/tca1964208.txt
100000189,Trustee Companies Act 1968,primary_legislation,sha256:dca3acb2e08477847da32c3a908c03433ff4ad540c833adfae753c3d383872ed,austlii:sha256:a5ddceef5c29c061fff42ef6c5efa490c7356196bb80adb709193b6f8b90f57f,queensland,Other,classic_austlii,https://classic.austlii.edu.au/au/legis/qld/consol_act/tca1968208/,,,,,InForce,text,https://www.legislation.qld.gov.au/view/html/inforce/current/act-1968-056,https://classic.austlii.edu.au/cgi-bin/download.cgi/cgi-bin/download.cgi/download/au/legis/qld/consol_act/tca1968208.txt
100000190,Trustee Companies Act 1984,primary_legislation,63,austlii:sha256:404567f57be6e4120bb93c3c827069384f60b5614caa64fa9cda01493290c98b,victoria,Other,classic_austlii,https://classic.austlii.edu.au/au/legis/vic/consol_act/tca1984208/,,,,,InForce,text,https://www.legislation.vic.gov.au/in-force/acts/trustee-companies-act-1984/,https://classic.austlii.edu.au/cgi-bin/download.cgi/cgi-bin/download.cgi/download/au/legis/vic/consol_act/tca1984208.txt
100000191,Trustee Companies Act 1987,primary_legislation,fmt:v2|currency_start:2012-03-02|suffix:04-a0-06,austlii:sha256:be7c46f912c2141832cee3517103c24c129159f43ec0e7485f77f4eed8979ae6,western_australia,Other,classic_austlii,https://classic.austlii.edu.au/au/legis/wa/consol_act/tca1987208/,,,,,InForce,text,https://www.legislation.wa.gov.au/legislation/statutes.nsf/law_a832.html&view=consolidated,https://classic.austlii.edu.au/cgi-bin/download.cgi/cgi-bin/download.cgi/download/au/legis/wa/consol_act/tca1987208.txt
100000192,Trustee Companies Act 1988,primary_legislation,fmt:v2|2012-11-21,sha256:f5284ee0bde476c07b3e0fba0eed56bf29260f6c4673b751bab579fd26f1e1dc,south_australia,Other,classic_austlii,https://classic.austlii.edu.au/au/legis/sa/consol_act/tca1988208/,,,,,InForce,text,https://www.legislation.sa.gov.au/lz?path=/c/a/trustee%20companies%20act%201988,https://www.legislation.sa.gov.au/lz?path=/c/a/trustee%20companies%20act%201988
100000193,Trustees Act 1962,primary_legislation,fmt:v2|currency_start:2013-01-16|suffix:05-b0-05,austlii:sha256:e374ce1ffba7966d8fd73c948640963ba988eb2f4688eb5f04fd9caa18be9f46,western_australia,Other,classic_austlii,https://classic.austlii.edu.au/au/legis/wa/consol_act/ta1962140/,,,,,InForce,text,https://www.legislation.wa.gov.au/legislation/statutes.nsf/law_a834.html&view=consolidated,https://classic.austlii.edu.au/cgi-bin/download.cgi/cgi-bin/download.cgi/download/au/legis/wa/consol_act/ta1962140.txt
100000194,Trusts Act 1973,primary_legislation,sha256:2455e5ed0b8513c16296b78c2c20613b2ea03c5e909fd0701c3d2b28a9479669,austlii:sha256:dd2e47b3421927039c0915b63652f9e80cf58a22355c083d09b3fed5a77f795b,queensland,Other,classic_austlii,https://classic.austlii.edu.au/au/legis/qld/consol_act/ta1973132/,,,,,InForce,text,https://www.legislation.qld.gov.au/view/html/inforce/current/act-1973-024,https://classic.austlii.edu.au/cgi-bin/download.cgi/cgi-bin/download.cgi/download/au/legis/qld/consol_act/ta1973132.txt
100000195,Venture Capital Act 2002,primary_legislation,C2004A03363,austlii:sha256:f984030033638f95c7fdc34b901a5586dff52c883e61b5335562771703d1a64d,commonwealth,Other,classic_austlii,https://classic.austlii.edu.au/au/legis/cth/consol_act/vca2002174/,,,,,InForce,text,,https://classic.austlii.edu.au/cgi-bin/download.cgi/cgi-bin/download.cgi/download/au/legis/cth/consol_act/vca2002174.txt
